date,close
2012/2/3 0:00,17.46
2012/2/6 0:00,17.39
2012/2/7 0:00,17.46
2012/2/8 0:00,17.43
2012/2/9 0:00,17.46
2012/2/10 0:00,17.21
2012/2/13 0:00,17.41
2012/2/14 0:00,17.3
2012/2/15 0:00,17.27
2012/2/16 0:00,17.49
2012/2/17 0:00,17.57
2012/2/21 0:00,17.47
2012/2/22 0:00,17.36
2012/2/23 0:00,17.52
2012/2/24 0:00,17.66
2012/2/27 0:00,17.53
2012/2/28 0:00,17.65
2012/2/29 0:00,17.53
2012/3/1 0:00,17.78
2012/3/2 0:00,17.57
2012/3/5 0:00,17.5
2012/3/6 0:00,16.92
2012/3/7 0:00,17.1
2012/3/8 0:00,17.32
2012/3/9 0:00,17.27
2012/3/12 0:00,17.27
2012/3/13 0:00,17.62
2012/3/14 0:00,17.47
2012/3/15 0:00,17.51
2012/3/16 0:00,17.69
2012/3/19 0:00,17.73
2012/3/20 0:00,17.51
2012/3/21 0:00,17.46
2012/3/22 0:00,17.3
2012/3/23 0:00,17.41
2012/3/26 0:00,17.66
2012/3/27 0:00,17.5
2012/3/28 0:00,17.26
2012/3/29 0:00,17.2
2012/3/30 0:00,17.3
2012/4/2 0:00,17.69
2012/4/3 0:00,17.42
2012/4/4 0:00,17.05
2012/4/5 0:00,16.94
2012/4/9 0:00,16.91
2012/4/10 0:00,16.49
2012/4/11 0:00,16.75
2012/4/12 0:00,17.11
2012/4/13 0:00,16.75
2012/4/16 0:00,16.91
2012/4/17 0:00,17.22
2012/4/18 0:00,17.28
2012/4/19 0:00,17.29
2012/4/20 0:00,17.41
2012/4/23 0:00,17.17
2012/4/24 0:00,17.25
2012/4/25 0:00,17.39
2012/4/26 0:00,17.51
2012/4/27 0:00,17.65
2012/4/30 0:00,17.55
2012/5/1 0:00,17.69
2012/5/2 0:00,17.6
2012/5/3 0:00,17.45
2012/5/4 0:00,17.14
2012/5/7 0:00,17.31
2012/5/8 0:00,17.01
2012/5/9 0:00,16.82
2012/5/10 0:00,16.88
2012/5/11 0:00,16.77
2012/5/14 0:00,16.51
2012/5/15 0:00,16.3
2012/5/16 0:00,16.15
2012/5/17 0:00,15.8
2012/5/18 0:00,15.65
2012/5/21 0:00,15.99
2012/5/22 0:00,15.96
2012/5/23 0:00,15.82
2012/5/24 0:00,15.83
2012/5/25 0:00,15.79
2012/5/29 0:00,15.93
2012/5/30 0:00,15.49
2012/5/31 0:00,15.55
2012/6/1 0:00,15.28
2012/6/4 0:00,15.38
2012/6/5 0:00,15.43
2012/6/6 0:00,15.91
2012/6/7 0:00,16.03
2012/6/8 0:00,16.01
2012/6/11 0:00,15.87
2012/6/12 0:00,16.25
2012/6/13 0:00,16.06
2012/6/14 0:00,16.16
2012/6/15 0:00,16.38
2012/6/18 0:00,16.34
2012/6/19 0:00,16.65
2012/6/20 0:00,16.76
2012/6/21 0:00,15.89
2012/6/22 0:00,16.01
2012/6/25 0:00,15.72
2012/6/26 0:00,15.88
2012/6/27 0:00,16.02
2012/6/28 0:00,15.93
2012/6/29 0:00,16.29
2012/7/2 0:00,16.52
2012/7/3 0:00,16.57
2012/7/5 0:00,16.43
2012/7/6 0:00,16.36
2012/7/9 0:00,16.34
2012/7/10 0:00,16.27
2012/7/11 0:00,16.35
2012/7/12 0:00,16.16
2012/7/13 0:00,16.45
2012/7/16 0:00,16.46
2012/7/17 0:00,16.46
2012/7/18 0:00,16.56
2012/7/19 0:00,16.75
2012/7/20 0:00,16.41
2012/7/23 0:00,16.04
2012/7/24 0:00,15.85
2012/7/25 0:00,15.86
2012/7/26 0:00,16.3
2012/7/27 0:00,16.56
2012/7/30 0:00,16.6
2012/7/31 0:00,16.43
2012/8/1 0:00,16.53
2012/8/2 0:00,16.35
2012/8/3 0:00,16.85
2012/8/6 0:00,16.91
2012/8/7 0:00,16.99
2012/8/8 0:00,17.12
2012/8/9 0:00,17.08
2012/8/10 0:00,17.2
2012/8/13 0:00,17.13
2012/8/14 0:00,17.19
2012/8/15 0:00,17.19
2012/8/16 0:00,17.28
2012/8/17 0:00,17.26
2012/8/20 0:00,17.2
2012/8/21 0:00,17.24
2012/8/22 0:00,17.22
2012/8/23 0:00,17.15
2012/8/24 0:00,17.07
2012/8/27 0:00,17.13
2012/8/28 0:00,17.1
2012/8/29 0:00,17.05
2012/8/30 0:00,16.9
2012/8/31 0:00,16.97
2012/9/4 0:00,16.89
2012/9/5 0:00,16.86
2012/9/6 0:00,17.24
2012/9/7 0:00,17.42
2012/9/10 0:00,17.32
2012/9/11 0:00,17.42
2012/9/12 0:00,17.46
2012/9/13 0:00,17.79
2012/9/14 0:00,17.95
2012/9/17 0:00,17.88
2012/9/18 0:00,17.86
2012/9/19 0:00,17.94
2012/9/20 0:00,17.82
2012/9/21 0:00,17.8
2012/9/24 0:00,17.77
2012/9/25 0:00,17.65
2012/9/26 0:00,17.48
2012/9/27 0:00,17.66
2012/9/28 0:00,17.4
2012/10/1 0:00,17.51
2012/10/2 0:00,17.52
2012/10/3 0:00,17.48
2012/10/4 0:00,17.73
2012/10/5 0:00,17.67
2012/10/8 0:00,17.56
2012/10/9 0:00,17.37
2012/10/10 0:00,17.31
2012/10/11 0:00,17.44
2012/10/12 0:00,17.43
2012/10/15 0:00,17.52
2012/10/16 0:00,17.74
2012/10/17 0:00,17.88
2012/10/18 0:00,17.74
2012/10/19 0:00,17.58
2012/10/22 0:00,17.66
2012/10/23 0:00,17.3
2012/10/24 0:00,17.36
2012/10/25 0:00,17.53
2012/10/26 0:00,17.51
2012/10/31 0:00,17.48
2012/11/1 0:00,17.71
2012/11/2 0:00,17.51
2012/11/5 0:00,17.48
2012/11/6 0:00,17.68
2012/11/7 0:00,17.4
2012/11/8 0:00,17.21
2012/11/9 0:00,17.17
2012/11/12 0:00,17.16
2012/11/13 0:00,17.07
2012/11/14 0:00,16.86
2012/11/15 0:00,16.88
2012/11/16 0:00,16.81
2012/11/19 0:00,17.12
2012/11/20 0:00,17.2
2012/11/21 0:00,17.25
2012/11/23 0:00,17.54
2012/11/26 0:00,17.48
2012/11/27 0:00,17.4
2012/11/28 0:00,17.53
2012/11/29 0:00,17.67
2012/11/30 0:00,17.68
2012/12/3 0:00,17.72
2012/12/4 0:00,17.75
2012/12/5 0:00,17.83
2012/12/6 0:00,17.83
2012/12/7 0:00,17.85
2012/12/10 0:00,17.89
2012/12/11 0:00,17.94
2012/12/12 0:00,18
2012/12/13 0:00,17.93
2012/12/14 0:00,17.97
2012/12/17 0:00,18.04
2012/12/18 0:00,17.93
2012/12/19 0:00,17.95
2012/12/20 0:00,18.03
2012/12/21 0:00,17.84
2012/12/24 0:00,17.85
2012/12/26 0:00,17.8
2012/12/27 0:00,17.82
2012/12/28 0:00,17.66
2012/12/31 0:00,17.94
2013/1/2 0:00,18.21
2013/1/3 0:00,18.05
2013/1/4 0:00,18.18
2013/1/7 0:00,18.14
2013/1/8 0:00,18.06
2013/1/9 0:00,18.09
2013/1/10 0:00,18.28
2013/1/11 0:00,18.27
2013/1/14 0:00,18.22
2013/1/15 0:00,18.25
2013/1/16 0:00,18.12
2013/1/17 0:00,18.18
2013/1/18 0:00,18.15
2013/1/22 0:00,18.19
2013/1/23 0:00,18.24
2013/1/24 0:00,18.28
2013/1/25 0:00,18.45
2013/1/28 0:00,18.34
2013/1/29 0:00,18.51
2013/1/30 0:00,18.5
2013/1/31 0:00,18.47
2013/2/1 0:00,18.47
2013/2/4 0:00,18.25
2013/2/5 0:00,18.21
2013/2/6 0:00,18.3
2013/2/7 0:00,18.19
2013/2/8 0:00,18.34
2013/2/11 0:00,18.24
2013/2/12 0:00,18.36
2013/2/13 0:00,18.37
2013/2/14 0:00,18.26
2013/2/15 0:00,18.23
2013/2/19 0:00,18.3
2013/2/20 0:00,18.05
2013/2/21 0:00,17.91
2013/2/22 0:00,18.07
2013/2/25 0:00,17.64
2013/2/26 0:00,17.7
2013/2/27 0:00,17.95
2013/2/28 0:00,17.97
2013/3/1 0:00,17.88
2013/3/4 0:00,17.95
2013/3/5 0:00,18.15
2013/3/6 0:00,18.08
2013/3/7 0:00,18.13
2013/3/8 0:00,18.08
2013/3/11 0:00,18.15
2013/3/12 0:00,18.06
2013/3/13 0:00,18.09
2013/3/14 0:00,18.44
2013/3/15 0:00,18.3
2013/3/18 0:00,18.19
2013/3/19 0:00,18.25
2013/3/20 0:00,18.2
2013/3/21 0:00,18.11
2013/3/22 0:00,18.26
2013/3/25 0:00,18.12
2013/3/26 0:00,18.2
2013/3/27 0:00,18.13
2013/3/28 0:00,18.27
2013/4/1 0:00,18.16
2013/4/2 0:00,18.29
2013/4/3 0:00,18.18
2013/4/4 0:00,18.18
2013/4/5 0:00,18.09
2013/4/8 0:00,18.04
2013/4/9 0:00,18.14
2013/4/10 0:00,18.35
2013/4/11 0:00,18.43
2013/4/12 0:00,18.43
2013/4/15 0:00,18.04
2013/4/16 0:00,18.22
2013/4/17 0:00,17.89
2013/4/18 0:00,17.91
2013/4/19 0:00,17.99
2013/4/22 0:00,18.04
2013/4/23 0:00,18.34
2013/4/24 0:00,18.42
2013/4/25 0:00,18.59
2013/4/26 0:00,18.69
2013/4/29 0:00,18.83
2013/4/30 0:00,18.79
2013/5/1 0:00,18.76
2013/5/2 0:00,18.82
2013/5/3 0:00,19.06
2013/5/6 0:00,19.08
2013/5/7 0:00,19.1
2013/5/8 0:00,19.27
2013/5/9 0:00,19.18
2013/5/10 0:00,19.22
2013/5/13 0:00,19.14
2013/5/14 0:00,19.18
2013/5/15 0:00,19.23
2013/5/16 0:00,19.23
2013/5/17 0:00,19.31
2013/5/20 0:00,19.42
2013/5/21 0:00,19.42
2013/5/22 0:00,19.26
2013/5/23 0:00,19.13
2013/5/24 0:00,19.09
2013/5/28 0:00,19.14
2013/5/29 0:00,18.98
2013/5/30 0:00,19.1
2013/5/31 0:00,18.77
2013/6/3 0:00,18.94
2013/6/4 0:00,18.89
2013/6/5 0:00,18.6
2013/6/6 0:00,18.65
2013/6/7 0:00,18.82
2013/6/10 0:00,18.78
2013/6/11 0:00,18.6
2013/6/12 0:00,18.6
2013/6/13 0:00,18.83
2013/6/14 0:00,18.7
2013/6/17 0:00,18.8
2013/6/18 0:00,18.88
2013/6/19 0:00,18.52
2013/6/20 0:00,17.96
2013/6/21 0:00,17.91
2013/6/24 0:00,17.68
2013/6/25 0:00,17.89
2013/6/26 0:00,17.94
2013/6/27 0:00,17.71
2013/6/28 0:00,17.66
2013/7/1 0:00,17.87
2013/7/2 0:00,17.77
2013/7/3 0:00,17.8
2013/7/5 0:00,17.9
2013/7/8 0:00,18.01
2013/7/9 0:00,18.11
2013/7/10 0:00,18.16
2013/7/11 0:00,18.61
2013/7/12 0:00,18.49
2013/7/15 0:00,18.58
2013/7/16 0:00,18.56
2013/7/17 0:00,18.65
2013/7/18 0:00,18.84
2013/7/19 0:00,18.87
2013/7/22 0:00,18.96
2013/7/23 0:00,18.98
2013/7/24 0:00,18.92
2013/7/25 0:00,18.98
2013/7/26 0:00,18.93
2013/7/29 0:00,18.83
2013/7/30 0:00,18.71
2013/7/31 0:00,18.79
2013/8/1 0:00,18.94
2013/8/2 0:00,19.04
2013/8/5 0:00,18.97
2013/8/6 0:00,18.91
2013/8/7 0:00,18.86
2013/8/8 0:00,19.04
2013/8/9 0:00,19.13
2013/8/12 0:00,19
2013/8/13 0:00,19.17
2013/8/14 0:00,19.22
2013/8/15 0:00,19
2013/8/16 0:00,19.05
2013/8/19 0:00,18.93
2013/8/20 0:00,18.99
2013/8/21 0:00,18.83
2013/8/22 0:00,18.91
2013/8/23 0:00,19.04
2013/8/26 0:00,19
2013/8/27 0:00,18.68
2013/8/28 0:00,18.75
2013/8/29 0:00,18.83
2013/8/30 0:00,18.65
2013/9/3 0:00,18.95
2013/9/4 0:00,19.05
2013/9/5 0:00,19.16
2013/9/6 0:00,19.2
2013/9/9 0:00,19.36
2013/9/10 0:00,19.53
2013/9/11 0:00,19.63
2013/9/12 0:00,19.59
2013/9/13 0:00,19.7
2013/9/16 0:00,19.82
2013/9/17 0:00,19.72
2013/9/18 0:00,20.09
2013/9/19 0:00,20
2013/9/20 0:00,19.8
2013/9/23 0:00,19.8
2013/9/24 0:00,19.74
2013/9/25 0:00,19.79
2013/9/26 0:00,19.83
2013/9/27 0:00,19.72
2013/9/30 0:00,19.62
2013/10/1 0:00,19.61
2013/10/2 0:00,19.67
2013/10/3 0:00,19.52
2013/10/4 0:00,19.48
2013/10/7 0:00,19.39
2013/10/8 0:00,19.11
2013/10/9 0:00,19.01
2013/10/10 0:00,19.38
2013/10/11 0:00,19.56
2013/10/14 0:00,19.67
2013/10/15 0:00,19.63
2013/10/16 0:00,19.7
2013/10/17 0:00,20.06
2013/10/18 0:00,20.13
2013/10/21 0:00,20.22
2013/10/22 0:00,20.46
2013/10/23 0:00,20.33
2013/10/24 0:00,20.52
2013/10/25 0:00,20.5
2013/10/28 0:00,20.49
2013/10/29 0:00,20.51
2013/10/30 0:00,20.44
2013/10/31 0:00,20.35
2013/11/1 0:00,20.25
2013/11/4 0:00,20.43
2013/11/5 0:00,20.36
2013/11/6 0:00,20.43
2013/11/7 0:00,20.14
2013/11/8 0:00,20.31
2013/11/11 0:00,20.24
2013/11/12 0:00,20.12
2013/11/13 0:00,20.12
2013/11/14 0:00,20.2
2013/11/15 0:00,20.34
2013/11/18 0:00,20.33
2013/11/19 0:00,20.33
2013/11/20 0:00,20.23
2013/11/21 0:00,20.45
2013/11/22 0:00,20.46
2013/11/25 0:00,20.38
2013/11/26 0:00,20.29
2013/11/27 0:00,20.39
2013/11/29 0:00,20.51
2013/12/2 0:00,20.31
2013/12/3 0:00,20.21
2013/12/4 0:00,20.09
2013/12/5 0:00,20
2013/12/6 0:00,20.25
2013/12/9 0:00,20.29
2013/12/10 0:00,20.25
2013/12/11 0:00,20.05
2013/12/12 0:00,19.85
2013/12/13 0:00,19.77
2013/12/16 0:00,20.04
2013/12/17 0:00,19.95
2013/12/18 0:00,20.08
2013/12/19 0:00,20.1
2013/12/20 0:00,20.12
2013/12/23 0:00,20.35
2013/12/24 0:00,20.59
2013/12/26 0:00,20.62
2013/12/27 0:00,20.74
2013/12/30 0:00,20.78
2013/12/31 0:00,20.88
2014/1/2 0:00,20.62
2014/1/3 0:00,20.63
2014/1/6 0:00,20.58
2014/1/7 0:00,20.66
2014/1/8 0:00,20.62
2014/1/9 0:00,20.59
2014/1/10 0:00,20.77
2014/1/13 0:00,20.51
2014/1/14 0:00,20.8
2014/1/15 0:00,20.86
2014/1/16 0:00,20.87
2014/1/17 0:00,20.87
2014/1/21 0:00,21.06
2014/1/22 0:00,21.16
2014/1/23 0:00,21.05
2014/1/24 0:00,20.36
2014/1/27 0:00,20.21
2014/1/28 0:00,20.35
2014/1/29 0:00,20.09
2014/1/30 0:00,20.14
2014/1/31 0:00,19.91
2014/2/3 0:00,19.47
2014/2/4 0:00,19.67
2014/2/5 0:00,19.73
2014/2/6 0:00,20.03
2014/2/7 0:00,20.22
2014/2/10 0:00,20.17
2014/2/11 0:00,20.49
2014/2/12 0:00,20.65
2014/2/13 0:00,20.72
2014/2/14 0:00,20.82
2014/2/18 0:00,21.13
2014/2/19 0:00,21.07
2014/2/20 0:00,21.23
2014/2/21 0:00,21.23
2014/2/24 0:00,21.36
2014/2/25 0:00,21.16
2014/2/26 0:00,21.1
2014/2/27 0:00,21.25
2014/2/28 0:00,21.26
2014/3/3 0:00,20.87
2014/3/4 0:00,21.18
2014/3/5 0:00,21.14
2014/3/6 0:00,21.17
2014/3/7 0:00,21.02
2014/3/10 0:00,20.77
2014/3/11 0:00,20.67
2014/3/12 0:00,20.55
2014/3/13 0:00,20.22
2014/3/14 0:00,20.24
2014/3/17 0:00,20.39
2014/3/18 0:00,20.48
2014/3/19 0:00,20.24
2014/3/20 0:00,20.2
2014/3/21 0:00,20.17
2014/3/24 0:00,20.14
2014/3/25 0:00,20.45
2014/3/26 0:00,20.35
2014/3/27 0:00,20.43
2014/3/28 0:00,20.52
2014/3/31 0:00,20.59
2014/4/1 0:00,20.66
2014/4/2 0:00,20.71
2014/4/3 0:00,20.65
2014/4/4 0:00,20.58
2014/4/7 0:00,20.45
2014/4/8 0:00,20.62
2014/4/9 0:00,20.9
2014/4/10 0:00,20.63
2014/4/11 0:00,20.45
2014/4/14 0:00,20.58
2014/4/15 0:00,20.54
2014/4/16 0:00,20.77
2014/4/17 0:00,20.9
2014/4/21 0:00,21
2014/4/22 0:00,21.06
2014/4/23 0:00,21.04
2014/4/24 0:00,21.11
2014/4/25 0:00,21.08
2014/4/28 0:00,21.1
2014/4/29 0:00,21.38
2014/4/30 0:00,21.52
2014/5/1 0:00,21.58
2014/5/2 0:00,21.6
2014/5/5 0:00,21.62
2014/5/6 0:00,21.65
2014/5/7 0:00,21.68
2014/5/8 0:00,21.77
2014/5/9 0:00,21.67
2014/5/12 0:00,21.83
2014/5/13 0:00,21.82
2014/5/14 0:00,21.77
2014/5/15 0:00,21.75
2014/5/16 0:00,21.86
2014/5/19 0:00,21.81
2014/5/20 0:00,21.63
2014/5/21 0:00,21.84
2014/5/22 0:00,21.79
2014/5/23 0:00,21.71
2014/5/27 0:00,21.77
2014/5/28 0:00,21.64
2014/5/29 0:00,21.76
2014/5/30 0:00,21.73
2014/6/2 0:00,21.74
2014/6/3 0:00,21.7
2014/6/4 0:00,21.64
2014/6/5 0:00,21.69
2014/6/6 0:00,21.85
2014/6/9 0:00,21.82
2014/6/10 0:00,21.82
2014/6/11 0:00,21.77
2014/6/12 0:00,21.76
2014/6/13 0:00,21.78
2014/6/16 0:00,21.78
2014/6/17 0:00,21.8
2014/6/18 0:00,21.93
2014/6/19 0:00,22.02
2014/6/20 0:00,22.01
2014/6/23 0:00,22.02
2014/6/24 0:00,21.77
2014/6/25 0:00,20.72
2014/6/26 0:00,20.79
2014/6/27 0:00,20.85
2014/6/30 0:00,20.88
2014/7/1 0:00,21.08
2014/7/2 0:00,21.18
2014/7/3 0:00,21.29
2014/7/7 0:00,21.16
2014/7/8 0:00,20.86
2014/7/9 0:00,20.87
2014/7/10 0:00,20.72
2014/7/11 0:00,20.71
2014/7/14 0:00,20.8
2014/7/15 0:00,20.84
2014/7/16 0:00,21
2014/7/17 0:00,20.73
2014/7/18 0:00,20.86
2014/7/21 0:00,20.77
2014/7/22 0:00,20.89
2014/7/23 0:00,20.91
2014/7/24 0:00,20.87
2014/7/25 0:00,20.85
2014/7/28 0:00,20.85
2014/7/29 0:00,20.79
2014/7/30 0:00,20.73
2014/7/31 0:00,20.38
2014/8/1 0:00,20.22
2014/8/4 0:00,20.37
2014/8/5 0:00,20.21
2014/8/6 0:00,20.17
2014/8/7 0:00,20
2014/8/8 0:00,19.99
2014/8/11 0:00,20.09
2014/8/12 0:00,20.14
2014/8/13 0:00,20.13
2014/8/14 0:00,20.23
2014/8/15 0:00,20.28
2014/8/18 0:00,20.46
2014/8/19 0:00,20.44
2014/8/20 0:00,20.38
2014/8/21 0:00,20.37
2014/8/22 0:00,20.34
2014/8/25 0:00,20.54
2014/8/26 0:00,20.42
2014/8/27 0:00,20.55
2014/8/28 0:00,20.48
2014/8/29 0:00,20.54
2014/9/2 0:00,20.43
2014/9/3 0:00,20.57
2014/9/4 0:00,20.4
2014/9/5 0:00,20.36
2014/9/8 0:00,19.93
2014/9/9 0:00,19.94
2014/9/10 0:00,20.15
2014/9/11 0:00,20.02
2014/9/12 0:00,20.03
2014/9/15 0:00,20.07
2014/9/16 0:00,20.12
2014/9/17 0:00,20.05
2014/9/18 0:00,20.24
2014/9/19 0:00,20.25
2014/9/22 0:00,20.14
2014/9/23 0:00,19.78
2014/9/24 0:00,19.9
2014/9/25 0:00,19.61
2014/9/26 0:00,19.62
2014/9/29 0:00,19.55
2014/9/30 0:00,19.38
2014/10/1 0:00,19.15
2014/10/2 0:00,18.92
2014/10/3 0:00,18.9
2014/10/6 0:00,19.13
2014/10/7 0:00,18.8
2014/10/8 0:00,19.18
2014/10/9 0:00,18.6
2014/10/10 0:00,18.37
2014/10/13 0:00,18.37
2014/10/14 0:00,18.36
2014/10/15 0:00,18.1
2014/10/16 0:00,18.02
2014/10/17 0:00,18.38
2014/10/20 0:00,18.39
2014/10/21 0:00,18.68
2014/10/22 0:00,18.49
2014/10/23 0:00,18.61
2014/10/24 0:00,18.71
2014/10/27 0:00,18.64
2014/10/28 0:00,18.82
2014/10/29 0:00,18.73
2014/10/30 0:00,18.79
2014/10/31 0:00,19.01
2014/11/3 0:00,18.76
2014/11/4 0:00,18.78
2014/11/5 0:00,18.93
2014/11/6 0:00,18.86
2014/11/7 0:00,18.97
2014/11/10 0:00,19.03
2014/11/11 0:00,19.16
2014/11/12 0:00,18.98
2014/11/13 0:00,18.98
2014/11/14 0:00,18.94
2014/11/17 0:00,18.99
2014/11/18 0:00,19.1
2014/11/19 0:00,19.09
2014/11/20 0:00,19.05
2014/11/21 0:00,19.18
2014/11/24 0:00,19.25
2014/11/25 0:00,19.21
2014/11/26 0:00,19.36
2014/11/28 0:00,19.03
2014/12/1 0:00,19.04
2014/12/2 0:00,19.17
2014/12/3 0:00,19.18
2014/12/4 0:00,19.05
2014/12/5 0:00,19.09
2014/12/8 0:00,18.92
2014/12/9 0:00,18.68
2014/12/10 0:00,18.48
2014/12/11 0:00,18.34
2014/12/12 0:00,17.79
2014/12/15 0:00,17.56
2014/12/16 0:00,17.86
2014/12/17 0:00,17.74
2014/12/18 0:00,18.15
2014/12/19 0:00,18.33
2014/12/22 0:00,18.4
2014/12/23 0:00,18.24
2014/12/24 0:00,18.39
2014/12/26 0:00,18.41
2014/12/29 0:00,18.25
2014/12/30 0:00,18.13
2014/12/31 0:00,18.03
2015/1/2 0:00,17.86
2015/1/5 0:00,17.41
2015/1/6 0:00,17.21
2015/1/7 0:00,17.36
2015/1/8 0:00,17.67
2015/1/9 0:00,17.59
2015/1/12 0:00,17.52
2015/1/13 0:00,17.57
2015/1/14 0:00,17.41
2015/1/15 0:00,17.51
2015/1/16 0:00,17.79
2015/1/20 0:00,17.95
2015/1/21 0:00,18.13
2015/1/22 0:00,18.29
2015/1/23 0:00,18.2
2015/1/26 0:00,18.47
2015/1/27 0:00,18.48
2015/1/28 0:00,18.25
2015/1/29 0:00,18.37
2015/1/30 0:00,18.04
2015/2/2 0:00,18.2
2015/2/3 0:00,18.65
2015/2/4 0:00,18.48
2015/2/5 0:00,18.76
2015/2/6 0:00,18.56
2015/2/9 0:00,18.51
2015/2/10 0:00,18.58
2015/2/11 0:00,18.49
2015/2/12 0:00,18.82
2015/2/13 0:00,18.91
2015/2/17 0:00,18.9
2015/2/18 0:00,18.99
2015/2/19 0:00,18.97
2015/2/20 0:00,19.09
2015/2/23 0:00,19.05
2015/2/24 0:00,19.18
2015/2/25 0:00,19.19
2015/2/26 0:00,19.12
2015/2/27 0:00,19.1
2015/3/2 0:00,19.13
2015/3/3 0:00,18.95
2015/3/4 0:00,18.86
2015/3/5 0:00,18.96
2015/3/6 0:00,18.54
2015/3/9 0:00,18.63
2015/3/10 0:00,18.12
2015/3/11 0:00,17.98
2015/3/12 0:00,18.08
2015/3/13 0:00,17.89
2015/3/16 0:00,18.08
2015/3/17 0:00,18.11
2015/3/18 0:00,18.64
2015/3/19 0:00,18.39
2015/3/20 0:00,18.82
2015/3/23 0:00,18.85
2015/3/24 0:00,18.67
2015/3/25 0:00,18.6
2015/3/26 0:00,18.38
2015/3/27 0:00,18.34
2015/3/30 0:00,18.32
2015/3/31 0:00,18.01
2015/4/1 0:00,18.13
2015/4/2 0:00,18.22
2015/4/6 0:00,18.38
2015/4/7 0:00,18.45
2015/4/8 0:00,18.59
2015/4/10 0:00,18.63
2015/4/13 0:00,18.57
2015/4/14 0:00,18.79
2015/4/15 0:00,18.94
2015/4/16 0:00,19.03
2015/4/17 0:00,18.84
2015/4/20 0:00,18.88
2015/4/21 0:00,18.97
2015/4/22 0:00,19.04
2015/4/23 0:00,19.17
2015/4/24 0:00,19.31
2015/4/27 0:00,19.39
2015/4/28 0:00,19.48
2015/4/29 0:00,19.42
2015/4/30 0:00,19.21
2015/5/1 0:00,19.22
2015/5/4 0:00,19.27
2015/5/5 0:00,18.96
2015/5/6 0:00,19.03
2015/5/7 0:00,18.98
2015/5/8 0:00,19.65
2015/5/11 0:00,19.76
2015/5/12 0:00,19.61
2015/5/13 0:00,19.71
2015/5/14 0:00,19.9
2015/5/15 0:00,19.84
2015/5/18 0:00,19.73
2015/5/19 0:00,19.58
2015/5/20 0:00,19.7
2015/5/21 0:00,19.9
2015/5/22 0:00,19.7
2015/5/26 0:00,19.36
2015/5/27 0:00,19.51
2015/5/28 0:00,19.49
2015/5/29 0:00,19.33
2015/6/1 0:00,19.13
2015/6/2 0:00,19.21
2015/6/3 0:00,19.22
2015/6/4 0:00,19.03
2015/6/5 0:00,18.86
2015/6/8 0:00,18.83
2015/6/9 0:00,18.73
2015/6/10 0:00,19.2
2015/6/11 0:00,19.24
2015/6/12 0:00,19.13
2015/6/15 0:00,19.02
2015/6/16 0:00,19.03
2015/6/17 0:00,19.15
2015/6/18 0:00,19.34
2015/6/19 0:00,19.24
2015/6/22 0:00,19.46
2015/6/23 0:00,19.47
2015/6/24 0:00,19.38
2015/6/25 0:00,19.02
2015/6/26 0:00,18.9
2015/6/29 0:00,18.35
2015/6/30 0:00,18.25
2015/7/1 0:00,18.29
2015/7/2 0:00,18.38
2015/7/6 0:00,18.1
2015/7/7 0:00,17.95
2015/7/8 0:00,17.63
2015/7/9 0:00,17.89
2015/7/10 0:00,18.42
2015/7/13 0:00,18.53
2015/7/14 0:00,18.75
2015/7/15 0:00,18.71
2015/7/16 0:00,18.82
2015/7/17 0:00,18.78
2015/7/20 0:00,18.79
2015/7/21 0:00,18.67
2015/7/22 0:00,18.52
2015/7/23 0:00,18.28
2015/7/24 0:00,18.03
2015/7/27 0:00,17.95
2015/7/28 0:00,18.24
2015/7/29 0:00,18.38
2015/7/30 0:00,18.49
2015/7/31 0:00,18.54
2015/8/3 0:00,18.43
2015/8/4 0:00,18.51
2015/8/5 0:00,18.64
2015/8/6 0:00,18.6
2015/8/7 0:00,18.53
2015/8/10 0:00,18.68
2015/8/11 0:00,18.45
2015/8/12 0:00,18.39
2015/8/13 0:00,18.3
2015/8/14 0:00,18.38
2015/8/17 0:00,18.26
2015/8/18 0:00,18.22
2015/8/19 0:00,17.92
2015/8/20 0:00,17.66
2015/8/21 0:00,17.18
2015/8/24 0:00,16.53
2015/8/25 0:00,16.61
2015/8/26 0:00,16.79
2015/8/27 0:00,17.07
2015/8/28 0:00,17.14
2015/8/31 0:00,17.05
2015/9/1 0:00,16.41
2015/9/2 0:00,16.74
2015/9/3 0:00,16.74
2015/9/4 0:00,16.34
2015/9/8 0:00,16.93
2015/9/9 0:00,16.85
2015/9/10 0:00,17.01
2015/9/11 0:00,16.94
2015/9/14 0:00,16.76
2015/9/15 0:00,16.88
2015/9/16 0:00,17.28
2015/9/17 0:00,17.19
2015/9/18 0:00,16.87
2015/9/21 0:00,16.89
2015/9/22 0:00,16.36
2015/9/23 0:00,16.36
2015/9/24 0:00,16.37
2015/9/25 0:00,16.46
2015/9/28 0:00,16.03
2015/9/29 0:00,16.02
2015/9/30 0:00,16.39
2015/10/1 0:00,16.45
2015/10/2 0:00,16.89
2015/10/5 0:00,17.16
2015/10/6 0:00,17.19
2015/10/7 0:00,17.48
2015/10/8 0:00,17.67
2015/10/9 0:00,17.58
2015/10/12 0:00,17.51
2015/10/13 0:00,17.2
2015/10/14 0:00,17.35
2015/10/15 0:00,17.68
2015/10/16 0:00,17.64
2015/10/19 0:00,17.58
2015/10/20 0:00,17.54
2015/10/21 0:00,17.43
2015/10/22 0:00,17.6
2015/10/23 0:00,17.7
2015/10/26 0:00,17.62
2015/10/27 0:00,17.44
2015/10/28 0:00,17.62
2015/10/29 0:00,17.51
2015/10/30 0:00,17.47
2015/11/2 0:00,17.64
2015/11/3 0:00,17.64
2015/11/4 0:00,17.65
2015/11/5 0:00,17.36
2015/11/6 0:00,17.17
2015/11/9 0:00,17.04
2015/11/10 0:00,17.01
2015/11/11 0:00,17.1
2015/11/12 0:00,16.75
2015/11/13 0:00,16.62
2015/11/16 0:00,16.95
2015/11/17 0:00,17.02
2015/11/18 0:00,17.21
2015/11/19 0:00,17.35
2015/11/20 0:00,17.18
2015/11/23 0:00,17.04
2015/11/24 0:00,17.05
2015/11/25 0:00,17.17
2015/11/27 0:00,17.18
2015/11/30 0:00,17.18
2015/12/1 0:00,17.35
2015/12/2 0:00,17.1
2015/12/3 0:00,16.89
2015/12/4 0:00,17.01
2015/12/7 0:00,16.82
2015/12/8 0:00,16.51
2015/12/9 0:00,16.53
2015/12/10 0:00,16.48
2015/12/11 0:00,16.18
2015/12/14 0:00,16.13
2015/12/15 0:00,16.21
2015/12/16 0:00,16.48
2015/12/17 0:00,16.26
2015/12/18 0:00,16.04
2015/12/21 0:00,15.83
2015/12/22 0:00,15.94
2015/12/23 0:00,16.36
2015/12/24 0:00,16.39
2015/12/28 0:00,16.31
2015/12/29 0:00,16.41
2015/12/30 0:00,16.3
2015/12/31 0:00,16.14
2016/1/4 0:00,15.88
2016/1/5 0:00,15.84
2016/1/6 0:00,15.55
2016/1/7 0:00,15.12
2016/1/8 0:00,15.02
2016/1/11 0:00,15.06
2016/1/12 0:00,15.07
2016/1/13 0:00,14.82
2016/1/14 0:00,15.1
2016/1/15 0:00,14.5
2016/1/19 0:00,14.56
2016/1/20 0:00,14.25
2016/1/21 0:00,14.45
2016/1/22 0:00,14.88
2016/1/25 0:00,14.61
2016/1/26 0:00,14.96
2016/1/27 0:00,14.84
2016/1/28 0:00,15.03
2016/1/29 0:00,15.36
2016/2/1 0:00,15.38
2016/2/2 0:00,14.92
2016/2/3 0:00,15.13
2016/2/4 0:00,15.17
2016/2/5 0:00,14.93
2016/2/8 0:00,14.54
2016/2/9 0:00,14.4
2016/2/10 0:00,14.39
2016/2/11 0:00,14.2
2016/2/12 0:00,14.64
2016/2/16 0:00,14.85
2016/2/17 0:00,15.19
2016/2/18 0:00,15.11
2016/2/19 0:00,15.09
2016/2/22 0:00,15.1
2016/2/23 0:00,14.74
2016/2/24 0:00,14.66
2016/2/25 0:00,14.92
2016/2/26 0:00,14.91
2016/2/29 0:00,14.88
2016/3/1 0:00,15.26
2016/3/2 0:00,15.34
2016/3/3 0:00,15.47
2016/3/4 0:00,15.57
2016/3/7 0:00,15.62
2016/3/8 0:00,15.41
2016/3/9 0:00,15.49
2016/3/10 0:00,15.37
2016/3/11 0:00,15.69
2016/3/14 0:00,15.63
2016/3/15 0:00,15.44
2016/3/16 0:00,15.63
2016/3/17 0:00,15.95
2016/3/18 0:00,15.89
2016/3/21 0:00,15.8
2016/3/22 0:00,15.61
2016/3/23 0:00,15.44
2016/3/24 0:00,15.39
2016/3/28 0:00,15.5
2016/3/29 0:00,15.68
2016/3/30 0:00,15.81
2016/3/31 0:00,15.68
2016/4/1 0:00,15.53
2016/4/4 0:00,15.58
2016/4/5 0:00,15.27
2016/4/6 0:00,15.49
2016/4/7 0:00,15.26
2016/4/8 0:00,15.53
2016/4/11 0:00,15.61
2016/4/12 0:00,15.86
2016/4/13 0:00,16.06
2016/4/14 0:00,16.04
2016/4/15 0:00,15.99
2016/4/18 0:00,16.13
2016/4/19 0:00,16.42
2016/4/20 0:00,16.37
2016/4/21 0:00,16.25
2016/4/22 0:00,16.27
2016/4/25 0:00,16.21
2016/4/26 0:00,16.35
2016/4/27 0:00,16.39
2016/4/28 0:00,16.33
2016/4/29 0:00,16.31
2016/5/2 0:00,16.4
2016/5/3 0:00,16.05
2016/5/4 0:00,15.8
2016/5/5 0:00,15.79
2016/5/6 0:00,15.83
2016/5/9 0:00,15.72
2016/5/10 0:00,15.86
2016/5/11 0:00,15.82
2016/5/12 0:00,15.79
2016/5/13 0:00,15.64
2016/5/16 0:00,15.85
2016/5/17 0:00,15.83
2016/5/18 0:00,16
2016/5/19 0:00,15.88
2016/5/20 0:00,15.95
2016/5/23 0:00,15.9
2016/5/24 0:00,16.32
2016/5/25 0:00,16.52
2016/5/26 0:00,16.47
2016/5/27 0:00,16.41
2016/5/31 0:00,16.12
2016/6/1 0:00,16.03
2016/6/2 0:00,16.1
2016/6/3 0:00,16.27
2016/6/6 0:00,16.26
2016/6/7 0:00,16.35
2016/6/8 0:00,16.39
2016/6/9 0:00,16.22
2016/6/10 0:00,15.63
2016/6/13 0:00,15.43
2016/6/14 0:00,15.07
2016/6/15 0:00,15.16
2016/6/16 0:00,15.27
2016/6/17 0:00,15.6
2016/6/20 0:00,16.23
2016/6/21 0:00,16.39
2016/6/22 0:00,16.11
2016/6/23 0:00,16.55
2016/6/24 0:00,14.57
2016/6/27 0:00,13.98
2016/6/28 0:00,14.59
2016/6/29 0:00,14.97
2016/6/30 0:00,15.37
2016/7/1 0:00,15.37
2016/7/5 0:00,15.01
2016/7/6 0:00,14.88
2016/7/7 0:00,14.8
2016/7/8 0:00,14.97
2016/7/11 0:00,15.18
2016/7/12 0:00,15.47
2016/7/13 0:00,15.44
2016/7/14 0:00,15.57
2016/7/15 0:00,15.47
2016/7/18 0:00,15.56
2016/7/19 0:00,15.39
2016/7/20 0:00,15.52
2016/7/21 0:00,15.48
2016/7/22 0:00,15.45
2016/7/25 0:00,15.47
2016/7/26 0:00,15.49
2016/7/27 0:00,15.59
2016/7/28 0:00,15.54
2016/7/29 0:00,15.6
2016/8/1 0:00,15.43
2016/8/2 0:00,15.56
2016/8/3 0:00,15.51
2016/8/4 0:00,15.57
2016/8/5 0:00,15.58
2016/8/8 0:00,15.6
2016/8/9 0:00,15.62
2016/8/10 0:00,15.64
2016/8/11 0:00,15.78
2016/8/12 0:00,15.75
2016/8/15 0:00,15.77
2016/8/16 0:00,15.85
2016/8/17 0:00,15.85
2016/8/18 0:00,16
2016/8/19 0:00,15.87
2016/8/22 0:00,15.88
2016/8/23 0:00,15.99
2016/8/24 0:00,15.94
2016/8/25 0:00,15.89
2016/8/26 0:00,15.79
2016/8/29 0:00,15.85
2016/8/30 0:00,15.8
2016/8/31 0:00,15.77
2016/9/1 0:00,15.87
2016/9/2 0:00,16.2
2016/9/6 0:00,16.23
2016/9/7 0:00,16.13
2016/9/8 0:00,16.11
2016/9/9 0:00,15.81
2016/9/12 0:00,15.91
2016/9/13 0:00,15.55
2016/9/14 0:00,15.57
2016/9/15 0:00,15.74
2016/9/16 0:00,15.5
2016/9/19 0:00,15.62
2016/9/20 0:00,15.63
2016/9/21 0:00,15.8
2016/9/22 0:00,15.94
2016/9/23 0:00,15.8
2016/9/26 0:00,15.64
2016/9/27 0:00,15.68
2016/9/28 0:00,15.86
2016/9/29 0:00,15.74
2016/9/30 0:00,15.84
2016/10/3 0:00,15.83
2016/10/4 0:00,15.88
2016/10/5 0:00,15.89
2016/10/6 0:00,15.73
2016/10/7 0:00,15.55
2016/10/10 0:00,15.53
2016/10/11 0:00,15.2
2016/10/12 0:00,15.2
2016/10/13 0:00,15.15
2016/10/14 0:00,15.1
2016/10/17 0:00,14.99
2016/10/18 0:00,15.2
2016/10/19 0:00,15.25
2016/10/20 0:00,15.23
2016/10/21 0:00,15.21
2016/10/24 0:00,15.13
2016/10/25 0:00,15.11
2016/10/26 0:00,15.03
2016/10/27 0:00,15.02
2016/10/28 0:00,15.01
2016/10/31 0:00,15
2016/11/1 0:00,14.95
2016/11/2 0:00,14.87
2016/11/3 0:00,14.88
2016/11/4 0:00,14.73
2016/11/7 0:00,29.9
2016/11/8 0:00,30.01
2016/11/9 0:00,30.39
2016/11/10 0:00,30.39
2016/11/11 0:00,30.1
2016/11/14 0:00,29.96
2016/11/15 0:00,30.12
2016/11/16 0:00,29.81
2016/11/17 0:00,30
2016/11/18 0:00,29.68
2016/11/21 0:00,30.08
2016/11/22 0:00,30.17
2016/11/23 0:00,30.16
2016/11/25 0:00,30.29
2016/11/28 0:00,29.91
2016/11/29 0:00,30.05
2016/11/30 0:00,30.06
2016/12/1 0:00,30.1
2016/12/2 0:00,30.35
2016/12/5 0:00,30.57
2016/12/6 0:00,30.67
2016/12/7 0:00,31.09
2016/12/8 0:00,31.03
2016/12/9 0:00,31.18
2016/12/12 0:00,31.05
2016/12/13 0:00,31.34
2016/12/14 0:00,30.98
2016/12/15 0:00,30.93
2016/12/16 0:00,31.04
2016/12/19 0:00,30.85
2016/12/20 0:00,30.9
2016/12/21 0:00,30.47
2016/12/22 0:00,30.36
2016/12/23 0:00,30.41
2016/12/27 0:00,30.44
2016/12/28 0:00,30.32
2016/12/29 0:00,30.49
2016/12/30 0:00,30.69
2017/1/3 0:00,30.81
2017/1/4 0:00,31.11
2017/1/5 0:00,31.32
2017/1/6 0:00,31.12
2017/1/9 0:00,30.87
2017/1/10 0:00,30.97
2017/1/11 0:00,31.2
2017/1/12 0:00,31.26
2017/1/13 0:00,31.33
2017/1/17 0:00,31.37
2017/1/18 0:00,31.23
2017/1/19 0:00,31.14
2017/1/20 0:00,31.17
2017/1/23 0:00,31.45
2017/1/24 0:00,31.45
2017/1/25 0:00,31.77
2017/1/26 0:00,31.63
2017/1/27 0:00,31.58
2017/1/30 0:00,31.26
2017/1/31 0:00,31.45
2017/2/1 0:00,31.6
2017/2/2 0:00,31.47
2017/2/3 0:00,31.5
2017/2/6 0:00,31.37
2017/2/7 0:00,31.5
2017/2/8 0:00,31.59
2017/2/9 0:00,31.74
2017/2/10 0:00,31.83
2017/2/13 0:00,32
2017/2/14 0:00,31.92
2017/2/15 0:00,32
2017/2/16 0:00,32.04
2017/2/17 0:00,31.95
2017/2/21 0:00,32.03
2017/2/22 0:00,32.05
2017/2/23 0:00,32.25
2017/2/24 0:00,31.98
2017/2/27 0:00,31.98
2017/2/28 0:00,31.91
2017/3/1 0:00,32.06
2017/3/2 0:00,31.99
2017/3/3 0:00,32.03
2017/3/6 0:00,31.82
2017/3/7 0:00,31.6
2017/3/8 0:00,31.45
2017/3/9 0:00,31.5
2017/3/10 0:00,31.66
2017/3/13 0:00,31.99
2017/3/14 0:00,31.71
2017/3/15 0:00,32.21
2017/3/16 0:00,32.52
2017/3/17 0:00,32.66
2017/3/20 0:00,32.56
2017/3/21 0:00,32.52
2017/3/22 0:00,32.5
2017/3/23 0:00,32.55
2017/3/24 0:00,32.47
2017/3/27 0:00,32.53
2017/3/28 0:00,32.5
2017/3/29 0:00,32.54
2017/3/30 0:00,32.54
2017/3/31 0:00,32.55
2017/4/3 0:00,32.35
2017/4/4 0:00,32.4
2017/4/5 0:00,32.3
2017/4/6 0:00,32.31
2017/4/7 0:00,32.3
2017/4/10 0:00,32.36
2017/4/11 0:00,32.74
2017/4/12 0:00,32.64
2017/4/13 0:00,32.42
2017/4/17 0:00,32.67
2017/4/18 0:00,32.54
2017/4/19 0:00,32.29
2017/4/20 0:00,32.4
2017/4/21 0:00,32.37
2017/4/24 0:00,33
2017/4/25 0:00,33.15
2017/4/26 0:00,33.1
2017/4/27 0:00,33.21
2017/4/28 0:00,33.1
2017/5/1 0:00,33.13
2017/5/2 0:00,33.37
2017/5/3 0:00,33.14
2017/5/4 0:00,33.28
2017/5/5 0:00,33.71
2017/5/8 0:00,33.57
2017/5/9 0:00,33.75
2017/5/10 0:00,33.96
2017/5/11 0:00,33.91
2017/5/12 0:00,34.07
2017/5/15 0:00,34.26
2017/5/16 0:00,34.59
2017/5/17 0:00,34.37
2017/5/18 0:00,34.48
2017/5/19 0:00,34.83
2017/5/22 0:00,34.84
2017/5/23 0:00,34.73
2017/5/24 0:00,34.77
2017/5/25 0:00,34.74
2017/5/26 0:00,34.48
2017/5/30 0:00,34.54
2017/5/31 0:00,34.61
2017/6/1 0:00,34.85
2017/6/2 0:00,34.8
2017/6/5 0:00,34.74
2017/6/6 0:00,34.65
2017/6/7 0:00,34.67
2017/6/8 0:00,34.54
2017/6/9 0:00,34.19
2017/6/12 0:00,34.03
2017/6/13 0:00,34.23
2017/6/14 0:00,34.14
2017/6/15 0:00,33.86
2017/6/16 0:00,34.23
2017/6/19 0:00,34.29
2017/6/20 0:00,33
2017/6/21 0:00,32.97
2017/6/22 0:00,32.94
2017/6/23 0:00,33.04
2017/6/26 0:00,33.15
2017/6/27 0:00,33.17
2017/6/28 0:00,33.47
2017/6/29 0:00,33.31
2017/6/30 0:00,33.33
2017/7/3 0:00,33.33
2017/7/5 0:00,33.34
2017/7/6 0:00,33.19
2017/7/7 0:00,33.19
2017/7/10 0:00,33.17
2017/7/11 0:00,33.05
2017/7/12 0:00,33.42
2017/7/13 0:00,33.6
2017/7/14 0:00,33.9
2017/7/17 0:00,33.78
2017/7/18 0:00,33.79
2017/7/19 0:00,33.89
2017/7/20 0:00,34.04
2017/7/21 0:00,33.93
2017/7/24 0:00,33.76
2017/7/25 0:00,33.96
2017/7/26 0:00,34.16
2017/7/27 0:00,34
2017/7/28 0:00,33.98
2017/7/31 0:00,34.12
2017/8/1 0:00,34.34
2017/8/2 0:00,34.39
2017/8/3 0:00,34.39
2017/8/4 0:00,34.39
2017/8/7 0:00,34.44
2017/8/8 0:00,34.22
2017/8/9 0:00,34.25
2017/8/10 0:00,33.62
2017/8/11 0:00,33.46
2017/8/14 0:00,33.61
2017/8/15 0:00,33.5
2017/8/16 0:00,33.68
2017/8/17 0:00,33.28
2017/8/18 0:00,33.19
2017/8/21 0:00,33.27
2017/8/22 0:00,33.37
2017/8/23 0:00,33.4
2017/8/24 0:00,33.41
2017/8/25 0:00,33.58
2017/8/28 0:00,33.63
2017/8/29 0:00,33.55
2017/8/30 0:00,33.58
2017/8/31 0:00,33.84
2017/9/1 0:00,33.99
2017/9/5 0:00,33.72
2017/9/6 0:00,33.85
2017/9/7 0:00,34.15
2017/9/8 0:00,34.24
2017/9/11 0:00,34.46
2017/9/12 0:00,34.63
2017/9/13 0:00,34.36
2017/9/14 0:00,34.51
2017/9/15 0:00,34.53
2017/9/18 0:00,34.54
2017/9/19 0:00,34.72
2017/9/20 0:00,34.67
2017/9/21 0:00,34.71
2017/9/22 0:00,34.84
2017/9/25 0:00,34.63
2017/9/26 0:00,34.53
2017/9/27 0:00,34.56
2017/9/28 0:00,34.67
2017/9/29 0:00,34.85
2017/10/2 0:00,34.76
2017/10/3 0:00,34.85
2017/10/4 0:00,34.88
2017/10/5 0:00,34.71
2017/10/6 0:00,34.66
2017/10/9 0:00,34.73
2017/10/10 0:00,35.16
2017/10/11 0:00,35.16
2017/10/12 0:00,35.24
2017/10/13 0:00,35.35
2017/10/16 0:00,35.23
2017/10/17 0:00,35.06
2017/10/18 0:00,35.11
2017/10/19 0:00,34.95
2017/10/20 0:00,34.98
2017/10/23 0:00,34.89
2017/10/24 0:00,34.8
2017/10/25 0:00,34.82
2017/10/26 0:00,34.65
2017/10/27 0:00,34.68
2017/10/30 0:00,34.79
2017/10/31 0:00,35.06
2017/11/1 0:00,34.87
2017/11/2 0:00,34.84
2017/11/3 0:00,34.85
2017/11/6 0:00,35.07
2017/11/7 0:00,34.81
2017/11/8 0:00,34.79
2017/11/9 0:00,34.71
2017/11/10 0:00,34.64
2017/11/13 0:00,34.38
2017/11/14 0:00,34.41
2017/11/15 0:00,34.24
2017/11/16 0:00,34.41
2017/11/17 0:00,34.44
2017/11/20 0:00,34.5
2017/11/21 0:00,34.63
2017/11/22 0:00,34.89
2017/11/24 0:00,34.96
2017/11/27 0:00,34.76
2017/11/28 0:00,35.11
2017/11/29 0:00,35.03
2017/11/30 0:00,35.02
2017/12/1 0:00,34.93
2017/12/4 0:00,34.82
2017/12/5 0:00,34.76
2017/12/6 0:00,34.71
2017/12/7 0:00,34.8
2017/12/8 0:00,35.05
2017/12/11 0:00,35.17
2017/12/12 0:00,35.27
2017/12/13 0:00,35.47
2017/12/14 0:00,35.38
2017/12/15 0:00,35.32
2017/12/18 0:00,35.71
2017/12/19 0:00,34.99
2017/12/20 0:00,34.98
2017/12/21 0:00,35.21
2017/12/22 0:00,35.33
2017/12/26 0:00,35.32
2017/12/27 0:00,35.46
2017/12/28 0:00,35.61
2017/12/29 0:00,35.82
2018/1/2 0:00,36.15
2018/1/3 0:00,36.09
2018/1/4 0:00,36.23
2018/1/5 0:00,36.39
2018/1/8 0:00,36.35
2018/1/9 0:00,36.38
2018/1/10 0:00,36.34
2018/1/11 0:00,36.57
2018/1/12 0:00,37.11
2018/1/16 0:00,37.06
2018/1/17 0:00,37.24
2018/1/18 0:00,37.24
2018/1/19 0:00,37.29
2018/1/22 0:00,37.61
2018/1/23 0:00,37.65
2018/1/24 0:00,37.82
2018/1/25 0:00,37.57
2018/1/26 0:00,37.88
2018/1/29 0:00,37.48
2018/1/30 0:00,37.3
2018/1/31 0:00,37.16
2018/2/1 0:00,37.16
2018/2/2 0:00,36.27
2018/2/5 0:00,34.54
2018/2/6 0:00,35.3
2018/2/7 0:00,34.94
2018/2/8 0:00,34.29
2018/2/9 0:00,34.28
2018/2/12 0:00,34.67
2018/2/13 0:00,34.73
2018/2/14 0:00,35.32
2018/2/15 0:00,35.65
2018/2/16 0:00,35.62
2018/2/20 0:00,35.24
2018/2/21 0:00,35.14
2018/2/22 0:00,35.21
2018/2/23 0:00,35.51
2018/2/26 0:00,35.73
2018/2/27 0:00,35.19
2018/2/28 0:00,34.67
2018/3/1 0:00,34.29
2018/3/2 0:00,34.37
2018/3/5 0:00,34.6
2018/3/6 0:00,34.77
2018/3/7 0:00,34.76
2018/3/8 0:00,34.82
2018/3/9 0:00,35.07
2018/3/12 0:00,35.02
2018/3/13 0:00,34.73
2018/3/14 0:00,34.81
2018/3/15 0:00,34.78
2018/3/16 0:00,34.86
2018/3/19 0:00,34.63
2018/3/20 0:00,34.58
2018/3/21 0:00,34.68
2018/3/22 0:00,34.05
2018/3/23 0:00,33.92
2018/3/26 0:00,34.62
2018/3/27 0:00,34.35
2018/3/28 0:00,34.6
2018/3/29 0:00,34.75
2018/4/2 0:00,34.38
2018/4/3 0:00,34.66
2018/4/4 0:00,35.03
2018/4/5 0:00,35.37
2018/4/6 0:00,35.27
2018/4/9 0:00,35.52
2018/4/10 0:00,36.06
2018/4/11 0:00,36
2018/4/12 0:00,36.25
2018/4/13 0:00,36.28
2018/4/16 0:00,36.19
2018/4/17 0:00,36.26
2018/4/18 0:00,36.51
2018/4/19 0:00,36.37
2018/4/20 0:00,36.27
2018/4/23 0:00,36.25
2018/4/24 0:00,36.18
2018/4/25 0:00,36.09
2018/4/26 0:00,36.37
2018/4/27 0:00,36.34
2018/4/30 0:00,36.25
2018/5/1 0:00,36.07
2018/5/2 0:00,35.89
2018/5/3 0:00,35.98
2018/5/4 0:00,36.07
2018/5/7 0:00,36.11
2018/5/8 0:00,36.08
2018/5/9 0:00,36.65
2018/5/10 0:00,36.72
2018/5/11 0:00,36.77
2018/5/14 0:00,36.84
2018/5/15 0:00,36.74
2018/5/16 0:00,36.88
2018/5/17 0:00,37.08
2018/5/18 0:00,36.94
2018/5/21 0:00,37.23
2018/5/22 0:00,37.26
2018/5/23 0:00,36.76
2018/5/24 0:00,36.54
2018/5/25 0:00,36.21
2018/5/29 0:00,35.6
2018/5/30 0:00,36.16
2018/5/31 0:00,36.03
2018/6/1 0:00,36.27
2018/6/4 0:00,36.25
2018/6/5 0:00,36.23
2018/6/6 0:00,36.57
2018/6/7 0:00,36.38
2018/6/8 0:00,36.43
2018/6/11 0:00,36.63
2018/6/12 0:00,36.37
2018/6/13 0:00,36.33
2018/6/14 0:00,36.44
2018/6/15 0:00,35.96
2018/6/18 0:00,35.78
2018/6/19 0:00,34.72
2018/6/20 0:00,34.74
2018/6/21 0:00,34.51
2018/6/22 0:00,35.08
2018/6/25 0:00,34.36
2018/6/26 0:00,34.48
2018/6/27 0:00,34.26
2018/6/28 0:00,34.5
2018/6/29 0:00,34.78
2018/7/2 0:00,34.37
2018/7/3 0:00,34.48
2018/7/5 0:00,34.85
2018/7/6 0:00,34.95
2018/7/9 0:00,35.25
2018/7/10 0:00,35.3
2018/7/11 0:00,34.62
2018/7/12 0:00,35.01
2018/7/13 0:00,35.05
2018/7/16 0:00,34.83
2018/7/17 0:00,34.66
2018/7/18 0:00,34.64
2018/7/19 0:00,34.49
2018/7/20 0:00,34.79
2018/7/23 0:00,34.65
2018/7/24 0:00,34.99
2018/7/25 0:00,35.04
2018/7/26 0:00,34.71
2018/7/27 0:00,34.78
2018/7/30 0:00,34.86
2018/7/31 0:00,35.11
2018/8/1 0:00,34.67
2018/8/2 0:00,34.29
2018/8/3 0:00,34.49
2018/8/6 0:00,34.24
2018/8/7 0:00,34.51
2018/8/8 0:00,34.58
2018/8/9 0:00,34.51
2018/8/10 0:00,33.97
2018/8/13 0:00,33.86
2018/8/14 0:00,33.71
2018/8/15 0:00,33.1
2018/8/16 0:00,33.36
2018/8/17 0:00,33.51
2018/8/20 0:00,33.75
2018/8/21 0:00,33.86
2018/8/22 0:00,34.02
2018/8/23 0:00,33.61
2018/8/24 0:00,33.83
2018/8/27 0:00,34.26
2018/8/28 0:00,34.09
2018/8/29 0:00,34.31
2018/8/30 0:00,33.96
2018/8/31 0:00,33.57
2018/9/4 0:00,33.34
2018/9/5 0:00,33.24
2018/9/6 0:00,33.02
2018/9/7 0:00,32.79
2018/9/10 0:00,33.02
2018/9/11 0:00,33.01
2018/9/12 0:00,33.17
2018/9/13 0:00,33.28
2018/9/14 0:00,33.28
2018/9/17 0:00,33.32
2018/9/18 0:00,33.47
2018/9/19 0:00,33.64
2018/9/20 0:00,34.18
2018/9/21 0:00,34.15
2018/9/24 0:00,34.1
2018/9/25 0:00,34.42
2018/9/26 0:00,34.42
2018/9/27 0:00,34.45
2018/9/28 0:00,34.12
2018/10/1 0:00,34.09
2018/10/2 0:00,33.91
2018/10/3 0:00,34.05
2018/10/4 0:00,33.75
2018/10/5 0:00,33.53
2018/10/8 0:00,33.24
2018/10/9 0:00,33.24
2018/10/10 0:00,32.76
2018/10/11 0:00,32.25
2018/10/12 0:00,32.32
2018/10/15 0:00,32.32
2018/10/16 0:00,32.66
2018/10/17 0:00,32.44
2018/10/18 0:00,31.94
2018/10/19 0:00,32.22
2018/10/22 0:00,32.03
2018/10/23 0:00,31.89
2018/10/24 0:00,31.14
2018/10/25 0:00,31.4
2018/10/26 0:00,31.2
2018/10/29 0:00,31.22
2018/10/30 0:00,31.47
2018/10/31 0:00,31.81
2018/11/1 0:00,32.44
2018/11/2 0:00,32.26
2018/11/5 0:00,32.44
2018/11/6 0:00,32.42
2018/11/7 0:00,32.9
2018/11/8 0:00,32.64
2018/11/9 0:00,32.38
2018/11/12 0:00,31.79
2018/11/13 0:00,31.99
2018/11/14 0:00,32.06
2018/11/15 0:00,31.87
2018/11/16 0:00,31.71
2018/11/19 0:00,31.6
2018/11/20 0:00,31.15
2018/11/21 0:00,31.67
2018/11/23 0:00,31.28
2018/11/26 0:00,31.79
2018/11/27 0:00,31.54
2018/11/28 0:00,31.95
2018/11/29 0:00,31.68
2018/11/30 0:00,31.43
2018/12/3 0:00,31.73
2018/12/4 0:00,31.05
2018/12/6 0:00,30.55
2018/12/7 0:00,30.3
2018/12/10 0:00,29.94
2018/12/11 0:00,30.03
2018/12/12 0:00,30.55
2018/12/13 0:00,30.54
2018/12/14 0:00,30.13
2018/12/17 0:00,29.85
2018/12/18 0:00,29.15
2018/12/19 0:00,29.04
2018/12/20 0:00,29.06
2018/12/21 0:00,28.82
2018/12/24 0:00,28.56
2018/12/26 0:00,29.27
2018/12/27 0:00,29
2018/12/28 0:00,29.38
2018/12/31 0:00,29.35
2019/1/2 0:00,29.33
2019/1/3 0:00,29.15
2019/1/4 0:00,29.96
2019/1/7 0:00,29.96
2019/1/8 0:00,30.14
2019/1/9 0:00,30.43
2019/1/10 0:00,30.56
2019/1/11 0:00,30.57
2019/1/14 0:00,30.37
2019/1/15 0:00,30.52
2019/1/16 0:00,30.43
2019/1/17 0:00,30.68
2019/1/18 0:00,30.96
2019/1/22 0:00,30.6
2019/1/23 0:00,30.82
2019/1/24 0:00,30.69
2019/1/25 0:00,30.9
2019/1/28 0:00,30.68
2019/1/29 0:00,30.89
2019/1/30 0:00,31.3
2019/1/31 0:00,31.49
2019/2/1 0:00,31.6
2019/2/4 0:00,31.69
2019/2/5 0:00,31.97
2019/2/6 0:00,31.85
2019/2/7 0:00,31.71
2019/2/8 0:00,31.69
2019/2/11 0:00,31.5
2019/2/12 0:00,31.73
2019/2/13 0:00,31.8
2019/2/14 0:00,31.8
2019/2/15 0:00,32.22
2019/2/19 0:00,32.39
2019/2/20 0:00,32.57
2019/2/21 0:00,32.36
2019/2/22 0:00,32.46
2019/2/25 0:00,32.48
2019/2/26 0:00,32.76
2019/2/27 0:00,32.72
2019/2/28 0:00,32.57
2019/3/1 0:00,32.63
2019/3/4 0:00,32.55
2019/3/5 0:00,32.73
2019/3/6 0:00,32.77
2019/3/7 0:00,32.42
2019/3/8 0:00,32.29
2019/3/11 0:00,32.57
2019/3/12 0:00,32.51
2019/3/13 0:00,32.96
2019/3/14 0:00,33.07
2019/3/15 0:00,33.42
2019/3/18 0:00,33.6
2019/3/19 0:00,33.67
2019/3/20 0:00,33.54
2019/3/21 0:00,33.48
2019/3/22 0:00,32.96
2019/3/25 0:00,32.91
2019/3/26 0:00,33.06
2019/3/27 0:00,33.15
2019/3/28 0:00,32.94
2019/3/29 0:00,33.01
2019/4/1 0:00,33.45
2019/4/2 0:00,33.64
2019/4/3 0:00,33.84
2019/4/4 0:00,33.72
2019/4/5 0:00,33.8
2019/4/8 0:00,33.86
2019/4/9 0:00,33.67
2019/4/10 0:00,33.78
2019/4/11 0:00,33.74
2019/4/12 0:00,33.94
2019/4/15 0:00,33.92
2019/4/16 0:00,33.87
2019/4/17 0:00,33.93
2019/4/18 0:00,33.81
2019/4/22 0:00,33.85
2019/4/23 0:00,33.86
2019/4/24 0:00,33.59
2019/4/25 0:00,33.47
2019/4/26 0:00,33.52
2019/4/29 0:00,33.59
2019/4/30 0:00,33.76
2019/5/1 0:00,33.38
2019/5/2 0:00,33.34
2019/5/3 0:00,33.87
2019/5/6 0:00,33.59
2019/5/7 0:00,32.93
2019/5/8 0:00,32.95
2019/5/9 0:00,32.88
2019/5/10 0:00,33
2019/5/13 0:00,32.36
2019/5/14 0:00,32.65
2019/5/15 0:00,32.72
2019/5/16 0:00,32.9
2019/5/17 0:00,32.68
2019/5/20 0:00,32.53
2019/5/21 0:00,32.71
2019/5/22 0:00,32.45
2019/5/23 0:00,32.04
2019/5/24 0:00,32.4
2019/5/28 0:00,32.08
2019/5/29 0:00,31.82
2019/5/30 0:00,31.93
2019/5/31 0:00,31.69
2019/6/3 0:00,31.76
2019/6/4 0:00,32.13
2019/6/5 0:00,32.1
2019/6/6 0:00,32.36
2019/6/7 0:00,32.75
2019/6/10 0:00,32.8
2019/6/11 0:00,32.97
2019/6/12 0:00,32.72
2019/6/13 0:00,32.76
2019/6/14 0:00,32.48
2019/6/17 0:00,31.58
2019/6/18 0:00,31.96
2019/6/19 0:00,32.06
2019/6/20 0:00,32.29
2019/6/21 0:00,32.15
2019/6/24 0:00,32.25
2019/6/25 0:00,32.12
2019/6/26 0:00,32.15
2019/6/27 0:00,32.09
2019/6/28 0:00,32.32
2019/7/1 0:00,32.48
2019/7/2 0:00,32.6
2019/7/3 0:00,32.78
2019/7/5 0:00,32.42
2019/7/8 0:00,32.33
2019/7/9 0:00,32.16
2019/7/10 0:00,32.26
2019/7/11 0:00,32.27
2019/7/12 0:00,32.26
2019/7/15 0:00,32.24
2019/7/16 0:00,32.06
2019/7/17 0:00,32
2019/7/18 0:00,32.16
2019/7/19 0:00,32.11
2019/7/22 0:00,32.1
2019/7/23 0:00,32.22
2019/7/24 0:00,32.1
2019/7/25 0:00,31.82
2019/7/26 0:00,32.04
2019/7/29 0:00,32.14
2019/7/30 0:00,31.78
2019/7/31 0:00,31.54
2019/8/1 0:00,31.17
2019/8/2 0:00,30.71
2019/8/5 0:00,29.88
2019/8/6 0:00,29.96
2019/8/7 0:00,30.06
2019/8/8 0:00,30.35
2019/8/9 0:00,30.09
2019/8/12 0:00,29.91
2019/8/13 0:00,30.1
2019/8/14 0:00,29.4
2019/8/15 0:00,29.51
2019/8/16 0:00,29.8
2019/8/19 0:00,30.01
2019/8/20 0:00,29.81
2019/8/21 0:00,30.05
2019/8/22 0:00,30.13
2019/8/23 0:00,29.79
2019/8/26 0:00,29.83
2019/8/27 0:00,29.92
2019/8/28 0:00,29.96
2019/8/29 0:00,30.17
2019/8/30 0:00,30.34
2019/9/3 0:00,30.32
2019/9/4 0:00,30.83
2019/9/5 0:00,30.91
2019/9/6 0:00,30.98
2019/9/9 0:00,30.9
2019/9/10 0:00,31.09
2019/9/11 0:00,31.32
2019/9/12 0:00,31.34
2019/9/13 0:00,31.63
2019/9/16 0:00,31.43
2019/9/17 0:00,31.6
2019/9/18 0:00,31.52
2019/9/19 0:00,31.69
2019/9/20 0:00,31.56
2019/9/23 0:00,31.51
2019/9/24 0:00,31.27
2019/9/25 0:00,31.15
2019/9/26 0:00,31.4
2019/9/27 0:00,31.39
2019/9/30 0:00,31.43
2019/10/1 0:00,31.08
2019/10/2 0:00,30.19
2019/10/3 0:00,30.36
2019/10/4 0:00,30.59
2019/10/7 0:00,30.56
2019/10/8 0:00,30.17
2019/10/9 0:00,30.29
2019/10/10 0:00,30.73
2019/10/11 0:00,31.64
2019/10/14 0:00,31.38
2019/10/15 0:00,31.83
2019/10/16 0:00,31.79
2019/10/17 0:00,32.01
2019/10/18 0:00,32
2019/10/21 0:00,32.14
2019/10/22 0:00,32.1
2019/10/23 0:00,32.4
2019/10/24 0:00,32.52
2019/10/25 0:00,32.46
2019/10/28 0:00,32.6
2019/10/29 0:00,32.49
2019/10/30 0:00,32.72
2019/10/31 0:00,32.53
2019/11/1 0:00,32.68
2019/11/4 0:00,32.82
2019/11/5 0:00,32.88
2019/11/6 0:00,32.85
2019/11/7 0:00,32.79
2019/11/8 0:00,32.6
2019/11/11 0:00,32.6
2019/11/12 0:00,32.66
2019/11/13 0:00,32.62
2019/11/14 0:00,32.56
2019/11/15 0:00,32.64
2019/11/18 0:00,32.74
2019/11/19 0:00,32.77
2019/11/20 0:00,32.44
2019/11/21 0:00,32.41
2019/11/22 0:00,32.6
2019/11/25 0:00,33.05
2019/11/26 0:00,32.97
2019/11/27 0:00,33.19
2019/11/29 0:00,32.93
2019/12/2 0:00,32.7
2019/12/3 0:00,32.31
2019/12/4 0:00,32.64
2019/12/5 0:00,32.52
2019/12/6 0:00,32.9
2019/12/9 0:00,32.92
2019/12/10 0:00,32.93
2019/12/11 0:00,32.99
2019/12/12 0:00,33.2
2019/12/13 0:00,34.1
2019/12/16 0:00,34.2
2019/12/17 0:00,33.6
2019/12/18 0:00,33.64
2019/12/19 0:00,33.54
2019/12/20 0:00,33.52
2019/12/23 0:00,33.6
2019/12/24 0:00,33.68
2019/12/26 0:00,33.86
2019/12/27 0:00,33.98
2019/12/30 0:00,33.81
2019/12/31 0:00,34.1
2020/1/2 0:00,34.15
2020/1/3 0:00,33.84
2020/1/6 0:00,34.05
2020/1/7 0:00,33.83
2020/1/8 0:00,33.86
2020/1/9 0:00,33.88
2020/1/10 0:00,33.63
2020/1/13 0:00,33.72
2020/1/14 0:00,33.84
2020/1/15 0:00,33.84
2020/1/16 0:00,33.96
2020/1/17 0:00,34.09
2020/1/21 0:00,33.73
2020/1/22 0:00,33.87
2020/1/23 0:00,33.73
2020/1/24 0:00,33.66
2020/1/27 0:00,32.95
2020/1/28 0:00,33.18
2020/1/29 0:00,33.16
2020/1/30 0:00,33.14
2020/1/31 0:00,32.64
2020/2/3 0:00,32.39
2020/2/4 0:00,32.9
2020/2/5 0:00,33.1
2020/2/6 0:00,33.01
2020/2/7 0:00,32.65
2020/2/10 0:00,32.75
2020/2/11 0:00,33.02
2020/2/12 0:00,33.27
2020/2/13 0:00,33.07
2020/2/14 0:00,32.92
2020/2/18 0:00,32.76
2020/2/19 0:00,32.87
2020/2/20 0:00,32.74
2020/2/21 0:00,32.7
2020/2/24 0:00,31.38
2020/2/25 0:00,30.71
2020/2/26 0:00,30.63
2020/2/27 0:00,29.47
2020/2/28 0:00,29.3
2020/3/2 0:00,29.53
2020/3/3 0:00,29.16
2020/3/4 0:00,30.33
2020/3/5 0:00,29.45
2020/3/6 0:00,28.94
2020/3/9 0:00,26.21
2020/3/10 0:00,27.21
2020/3/11 0:00,25.6
2020/3/12 0:00,23.04
2020/3/13 0:00,24.02
2020/3/16 0:00,21.14
2020/3/17 0:00,22.05
2020/3/18 0:00,20.24
2020/3/19 0:00,20.61
2020/3/20 0:00,20.06
2020/3/23 0:00,19.66
2020/3/24 0:00,21.93
2020/3/25 0:00,22.84
2020/3/26 0:00,24.26
2020/3/27 0:00,23.35
2020/3/30 0:00,23.77
2020/3/31 0:00,23.88
2020/4/1 0:00,22.73
2020/4/2 0:00,23.29
2020/4/3 0:00,22.55
2020/4/6 0:00,23.56
2020/4/7 0:00,23.72
2020/4/8 0:00,24.12
2020/4/9 0:00,24.99
2020/4/13 0:00,24.71
2020/4/14 0:00,24.93
2020/4/15 0:00,23.88
2020/4/16 0:00,24.03
2020/4/17 0:00,24.85
2020/4/20 0:00,24.34
2020/4/21 0:00,23.67
2020/4/22 0:00,24.24
2020/4/23 0:00,24.32
2020/4/24 0:00,24.48
2020/4/27 0:00,24.88
2020/4/28 0:00,25.14
2020/4/29 0:00,26
2020/4/30 0:00,25.25
2020/5/1 0:00,24.58
2020/5/4 0:00,24.71
2020/5/5 0:00,24.74
2020/5/6 0:00,24.56
2020/5/7 0:00,24.91
2020/5/8 0:00,25.35
2020/5/11 0:00,25.13
2020/5/12 0:00,24.86
2020/5/13 0:00,24.49
2020/5/14 0:00,24.2
2020/5/15 0:00,24.17
2020/5/18 0:00,25.28
2020/5/19 0:00,24.84
2020/5/20 0:00,25.35
2020/5/21 0:00,25.17
2020/5/22 0:00,25.01
2020/5/26 0:00,25.51
2020/5/27 0:00,25.83
2020/5/28 0:00,26.03
2020/5/29 0:00,25.73
2020/6/1 0:00,26.44
2020/6/2 0:00,26.75
2020/6/3 0:00,27.45
2020/6/4 0:00,27.27
2020/6/5 0:00,27.88
2020/6/8 0:00,28.31
2020/6/9 0:00,27.51
2020/6/10 0:00,27.49
2020/6/11 0:00,25.69
2020/6/12 0:00,26.24
2020/6/15 0:00,26.04
2020/6/16 0:00,26.38
2020/6/17 0:00,26.27
2020/6/18 0:00,25.97
2020/6/19 0:00,25.89
2020/6/22 0:00,26.23
2020/6/23 0:00,26.42
2020/6/24 0:00,25.5
2020/6/25 0:00,25.96
2020/6/26 0:00,25.48
2020/6/29 0:00,25.76
2020/6/30 0:00,25.76
2020/7/1 0:00,25.94
2020/7/2 0:00,26.14
2020/7/6 0:00,26.41
2020/7/7 0:00,25.93
2020/7/8 0:00,26.26
2020/7/9 0:00,25.75
2020/7/10 0:00,26.05
2020/7/13 0:00,25.75
2020/7/14 0:00,26.18
2020/7/15 0:00,26.65
2020/7/16 0:00,26.44
2020/7/17 0:00,26.6
2020/7/20 0:00,26.62
2020/7/21 0:00,26.69
2020/7/22 0:00,26.58
2020/7/23 0:00,26.37
2020/7/24 0:00,26.27
2020/7/27 0:00,26.5
2020/7/28 0:00,26.49
2020/7/29 0:00,26.84
2020/7/30 0:00,26.47
2020/7/31 0:00,25.93
2020/8/3 0:00,26.4
2020/8/4 0:00,26.51
2020/8/5 0:00,26.71
2020/8/6 0:00,26.69
2020/8/7 0:00,26.51
2020/8/10 0:00,26.66
2020/8/11 0:00,26.83
2020/8/12 0:00,27.41
2020/8/13 0:00,27.13
2020/8/14 0:00,26.81
2020/8/17 0:00,27.01
2020/8/18 0:00,27.02
2020/8/19 0:00,26.83
2020/8/20 0:00,26.78
2020/8/21 0:00,26.51
2020/8/24 0:00,26.93
2020/8/25 0:00,26.79
2020/8/26 0:00,26.94
2020/8/27 0:00,26.71
2020/8/28 0:00,26.92
2020/8/31 0:00,26.64
2020/9/1 0:00,26.43
2020/9/2 0:00,26.83
2020/9/3 0:00,26.07
2020/9/4 0:00,26.16
2020/9/8 0:00,25.85
2020/9/9 0:00,26.37
2020/9/10 0:00,25.73
2020/9/11 0:00,25.99
2020/9/14 0:00,26.1
2020/9/15 0:00,26.4
2020/9/16 0:00,26.53
2020/9/17 0:00,26.43
2020/9/18 0:00,26.11
2020/9/21 0:00,25.21
2020/9/22 0:00,25.29
2020/9/23 0:00,25.1
2020/9/24 0:00,25.07
2020/9/25 0:00,25.22
2020/9/28 0:00,25.7
2020/9/29 0:00,25.54
2020/9/30 0:00,25.49
2020/10/1 0:00,25.54
2020/10/2 0:00,25.73
2020/10/5 0:00,26.07
2020/10/6 0:00,25.68
2020/10/7 0:00,25.85
2020/10/8 0:00,26.13
2020/10/9 0:00,26.37
2020/10/12 0:00,26.46
2020/10/13 0:00,25.99
2020/10/14 0:00,25.87
2020/10/15 0:00,25.42
2020/10/16 0:00,25.67
2020/10/19 0:00,25.42
2020/10/20 0:00,25.57
2020/10/21 0:00,25.45
2020/10/22 0:00,25.51
2020/10/23 0:00,25.77
2020/10/26 0:00,25.38
2020/10/27 0:00,25.13
2020/10/28 0:00,24.16
2020/10/29 0:00,24.4
2020/10/30 0:00,24.34
2020/11/2 0:00,24.62
2020/11/3 0:00,25.31
2020/11/4 0:00,25.54
2020/11/5 0:00,26.03
2020/11/6 0:00,26.1
2020/11/9 0:00,27.33
2020/11/10 0:00,28.13
2020/11/11 0:00,28.46
2020/11/12 0:00,27.88
2020/11/13 0:00,28.31
2020/11/16 0:00,28.71
2020/11/17 0:00,28.53
2020/11/18 0:00,28.36
2020/11/19 0:00,28.6
2020/11/20 0:00,28.58
2020/11/23 0:00,28.63
2020/11/24 0:00,29.18
2020/11/25 0:00,28.97
2020/11/27 0:00,28.94
2020/11/30 0:00,28.26
2020/12/1 0:00,29.09
2020/12/2 0:00,29.18
2020/12/3 0:00,29.54
2020/12/4 0:00,29.85
2020/12/7 0:00,29.56
2020/12/8 0:00,29.69
2020/12/9 0:00,29.8
2020/12/10 0:00,29.7
2020/12/11 0:00,29.37
2020/12/14 0:00,28.97
2020/12/15 0:00,29.39
2020/12/16 0:00,29.64
2020/12/17 0:00,29.72
2020/12/18 0:00,29.38
2020/12/21 0:00,28.88
2020/12/22 0:00,28.82
2020/12/23 0:00,29.37
2020/12/24 0:00,29.43
2020/12/28 0:00,29.39
2020/12/29 0:00,29.68
2020/12/30 0:00,29.62
2020/12/31 0:00,29.29
2021/1/4 0:00,29.68
2021/1/5 0:00,30.14
2021/1/6 0:00,31.05
2021/1/7 0:00,31.05
2021/1/8 0:00,31.26
2021/1/11 0:00,30.7
2021/1/12 0:00,30.87
2021/1/13 0:00,30.72
2021/1/14 0:00,31.1
2021/1/15 0:00,30.55
2021/1/19 0:00,30.7
2021/1/20 0:00,30.9
2021/1/21 0:00,30.92
2021/1/22 0:00,30.62
2021/1/25 0:00,30.53
2021/1/26 0:00,30.6
2021/1/27 0:00,29.88
2021/1/28 0:00,29.98
2021/1/29 0:00,29.22
2021/2/1 0:00,29.59
2021/2/2 0:00,29.77
2021/2/3 0:00,29.72
2021/2/4 0:00,29.66
2021/2/5 0:00,29.8
2021/2/8 0:00,29.95
2021/2/9 0:00,30.17
2021/2/10 0:00,30.07
2021/2/11 0:00,30.11
2021/2/12 0:00,30.54
2021/2/16 0:00,31.3
2021/2/17 0:00,31.18
2021/2/18 0:00,31
2021/2/19 0:00,30.97
2021/2/22 0:00,31.02
2021/2/23 0:00,31.36
2021/2/24 0:00,31.63
2021/2/25 0:00,31
2021/2/26 0:00,30.37
2021/3/1 0:00,30.87
2021/3/2 0:00,31.06
2021/3/3 0:00,31.1
2021/3/4 0:00,30.88
2021/3/5 0:00,31.28
2021/3/8 0:00,31.2
2021/3/9 0:00,31.44
2021/3/10 0:00,31.59
2021/3/11 0:00,31.65
2021/3/12 0:00,31.87
2021/3/15 0:00,31.71
2021/3/16 0:00,31.79
2021/3/17 0:00,31.86
2021/3/18 0:00,31.53
2021/3/19 0:00,31.39
2021/3/22 0:00,31.34
2021/3/23 0:00,30.87
2021/3/24 0:00,30.84
2021/3/25 0:00,31.08
2021/3/26 0:00,31.56
2021/3/29 0:00,31.49
2021/3/30 0:00,31.43
2021/3/31 0:00,31.31
2021/4/1 0:00,31.67
2021/4/5 0:00,32.1
2021/4/6 0:00,31.87
2021/4/7 0:00,32.01
2021/4/8 0:00,32.21
2021/4/9 0:00,32.11
2021/4/12 0:00,32.02
2021/4/13 0:00,32.02
2021/4/14 0:00,32.26
2021/4/15 0:00,32.6
2021/4/16 0:00,32.81
2021/4/19 0:00,33.03
2021/4/20 0:00,32.4
2021/4/21 0:00,32.65
2021/4/22 0:00,32.26
2021/4/23 0:00,32.46
2021/4/26 0:00,32.64
2021/4/27 0:00,32.63
2021/4/28 0:00,32.8
2021/4/29 0:00,32.86
2021/4/30 0:00,32.53
2021/5/3 0:00,33
2021/5/4 0:00,32.66
2021/5/5 0:00,33.17
2021/5/6 0:00,33.43
2021/5/7 0:00,33.89
2021/5/10 0:00,33.92
2021/5/11 0:00,33.41
2021/5/12 0:00,33.31
2021/5/13 0:00,33.35
2021/5/14 0:00,33.84
2021/5/17 0:00,33.97
2021/5/18 0:00,33.82
2021/5/19 0:00,33.51
2021/5/20 0:00,33.93
2021/5/21 0:00,33.8
2021/5/24 0:00,33.94
2021/5/25 0:00,33.71
2021/5/26 0:00,33.69
2021/5/27 0:00,33.88
2021/5/28 0:00,33.79
2021/6/1 0:00,34.04
2021/6/2 0:00,34.2
2021/6/3 0:00,33.91
2021/6/4 0:00,34.11
2021/6/7 0:00,34.12
2021/6/8 0:00,34.18
2021/6/9 0:00,33.95
2021/6/10 0:00,33.52
2021/6/11 0:00,33.74
2021/6/14 0:00,33.77
2021/6/15 0:00,33.83
2021/6/16 0:00,33.61
2021/6/17 0:00,33.32
2021/6/18 0:00,32.39
2021/6/21 0:00,32.99
2021/6/22 0:00,33.01
2021/6/23 0:00,33.01
2021/6/24 0:00,33.16
2021/6/25 0:00,33.24
2021/6/28 0:00,32.85
2021/6/29 0:00,32.8
2021/6/30 0:00,32.7
2021/7/1 0:00,32.91
2021/7/2 0:00,33.04
2021/7/6 0:00,32.83
2021/7/7 0:00,33.05
2021/7/8 0:00,32.52
2021/7/9 0:00,33.17
2021/7/12 0:00,33.2
2021/7/13 0:00,33.07
2021/7/14 0:00,32.98
2021/7/15 0:00,32.6
2021/7/16 0:00,32.31
2021/7/19 0:00,31.44
2021/7/20 0:00,31.61
2021/7/21 0:00,32.24
2021/7/22 0:00,32.16
2021/7/23 0:00,32.44
2021/7/26 0:00,32.62
2021/7/27 0:00,32.66
2021/7/28 0:00,32.68
2021/7/29 0:00,33.07
2021/7/30 0:00,32.79
2021/8/2 0:00,32.9
2021/8/3 0:00,33.29
2021/8/4 0:00,33.2
2021/8/5 0:00,33.33
2021/8/6 0:00,33.24
2021/8/9 0:00,33.21
2021/8/10 0:00,33.38
2021/8/11 0:00,33.69
2021/8/12 0:00,33.54
2021/8/13 0:00,33.72
2021/8/16 0:00,33.44
2021/8/17 0:00,33.24
2021/8/18 0:00,33.06
2021/8/19 0:00,32.55
2021/8/20 0:00,32.7
2021/8/23 0:00,32.92
2021/8/24 0:00,32.96
2021/8/25 0:00,33.11
2021/8/26 0:00,32.91
2021/8/27 0:00,33.2
2021/8/30 0:00,33.18
2021/8/31 0:00,33.01
2021/9/1 0:00,33.21
2021/9/2 0:00,33.44
2021/9/3 0:00,33.47
2021/9/7 0:00,33.15
2021/9/8 0:00,32.96
2021/9/9 0:00,32.72
2021/9/10 0:00,32.74
2021/9/13 0:00,33.02
2021/9/14 0:00,32.74
2021/9/15 0:00,32.98
2021/9/16 0:00,32.9
2021/9/17 0:00,32.36
2021/9/20 0:00,31.85
2021/9/21 0:00,32.11
2021/9/22 0:00,32.48
2021/9/23 0:00,32.86
2021/9/24 0:00,32.57
2021/9/27 0:00,32.74
2021/9/28 0:00,32.14
2021/9/29 0:00,32.2
2021/9/30 0:00,32.25
2021/10/1 0:00,32.39
2021/10/4 0:00,32.45
2021/10/5 0:00,32.67
2021/10/6 0:00,32.46
2021/10/7 0:00,32.64
2021/10/8 0:00,32.79
2021/10/11 0:00,32.78
2021/10/12 0:00,32.87
2021/10/13 0:00,33.23
2021/10/14 0:00,33.47
2021/10/15 0:00,33.75
2021/10/18 0:00,33.54
2021/10/19 0:00,33.81
2021/10/20 0:00,33.86
2021/10/21 0:00,33.72
2021/10/22 0:00,33.74
2021/10/25 0:00,33.76
2021/10/26 0:00,33.97
2021/10/27 0:00,33.79
2021/10/28 0:00,33.97
2021/10/29 0:00,33.68
2021/11/1 0:00,33.89
2021/11/2 0:00,33.63
2021/11/3 0:00,33.79
2021/11/4 0:00,33.39
2021/11/5 0:00,33.53
2021/11/8 0:00,33.62
2021/11/9 0:00,33.53
2021/11/10 0:00,33.36
2021/11/11 0:00,33.54
2021/11/12 0:00,33.51
2021/11/15 0:00,33.48
2021/11/16 0:00,33.4
2021/11/17 0:00,33.42
2021/11/18 0:00,33.35
2021/11/19 0:00,33
2021/11/22 0:00,32.98
2021/11/23 0:00,33.23
2021/11/24 0:00,33.12
2021/11/26 0:00,32.08
2021/11/29 0:00,32.33
2021/11/30 0:00,32.04
2021/12/1 0:00,31.81
2021/12/2 0:00,32.48
2021/12/3 0:00,32.25
2021/12/6 0:00,32.73
2021/12/7 0:00,33.15
2021/12/8 0:00,33.19
2021/12/9 0:00,33.02
2021/12/10 0:00,33.06
2021/12/13 0:00,31.81
2021/12/14 0:00,31.78
2021/12/15 0:00,31.92
2021/12/16 0:00,32.16
2021/12/17 0:00,31.85
2021/12/20 0:00,31.81
2021/12/21 0:00,32.24
2021/12/22 0:00,32.7
2021/12/23 0:00,32.9
2021/12/27 0:00,33.32
2021/12/28 0:00,33.26
2021/12/29 0:00,33.29
2021/12/30 0:00,33.14
2021/12/31 0:00,33.14
2022/1/3 0:00,33.53
2022/1/4 0:00,33.75
2022/1/5 0:00,33.61
2022/1/6 0:00,33.58
2022/1/7 0:00,33.98
2022/1/10 0:00,33.88
2022/1/11 0:00,34.21
2022/1/12 0:00,34.53
2022/1/13 0:00,34.49
2022/1/14 0:00,34.58
2022/1/18 0:00,34.4
2022/1/19 0:00,34.58
2022/1/20 0:00,34.22
2022/1/21 0:00,33.7
2022/1/24 0:00,33.41
2022/1/25 0:00,33.59
2022/1/26 0:00,33.48
2022/1/27 0:00,33.79
2022/1/28 0:00,33.74
2022/1/31 0:00,33.89
2022/2/1 0:00,34.28
2022/2/2 0:00,34.59
2022/2/3 0:00,34.24
2022/2/4 0:00,34.15
2022/2/7 0:00,34.34
2022/2/8 0:00,34.49
2022/2/9 0:00,34.76
2022/2/10 0:00,34.62
2022/2/11 0:00,34.46
2022/2/14 0:00,34.1
2022/2/15 0:00,34.48
2022/2/16 0:00,34.66
2022/2/17 0:00,34.3
2022/2/18 0:00,34.27
2022/2/22 0:00,34.09
2022/2/23 0:00,34.1
2022/2/24 0:00,32.94
2022/2/25 0:00,34.22
2022/2/28 0:00,33.49
2022/3/1 0:00,33.01
2022/3/2 0:00,33.73
2022/3/3 0:00,32.79
2022/3/4 0:00,31.41
2022/3/7 0:00,30.78
2022/3/8 0:00,31.17
2022/3/9 0:00,32.14
2022/3/10 0:00,31.71
2022/3/11 0:00,31.5
2022/3/14 0:00,31.69
2022/3/15 0:00,31.93
2022/3/16 0:00,32.79
2022/3/17 0:00,33.08
2022/3/18 0:00,33.34
2022/3/21 0:00,33.35
2022/3/22 0:00,33.77
2022/3/23 0:00,33.46
2022/3/24 0:00,33.69
2022/3/25 0:00,33.86
2022/3/28 0:00,33.54
2022/3/29 0:00,33.81
2022/3/30 0:00,33.95
2022/3/31 0:00,33.64
2022/4/1 0:00,33.93
2022/4/4 0:00,33.9
2022/4/5 0:00,33.95
2022/4/6 0:00,33.99
2022/4/7 0:00,34.14
2022/4/8 0:00,34.2
2022/4/11 0:00,33.84
2022/4/12 0:00,33.67
2022/4/13 0:00,34.08
2022/4/14 0:00,34.1
2022/4/18 0:00,33.94
2022/4/19 0:00,34.02
2022/4/20 0:00,34.17
2022/4/21 0:00,33.73
2022/4/22 0:00,32.98
2022/4/25 0:00,32.58
2022/4/26 0:00,31.75
2022/4/27 0:00,32.02
2022/4/28 0:00,32.46
2022/4/29 0:00,32.3
2022/5/2 0:00,32.13
2022/5/3 0:00,32.59
2022/5/4 0:00,33.04
2022/5/5 0:00,32.04
2022/5/6 0:00,31.59
2022/5/9 0:00,30.71
2022/5/10 0:00,30.95
2022/5/11 0:00,30.71
2022/5/12 0:00,30.56
2022/5/13 0:00,31.53
2022/5/16 0:00,31.9
2022/5/17 0:00,32.54
2022/5/18 0:00,31.64
2022/5/19 0:00,31.76
2022/5/20 0:00,32.08
2022/5/23 0:00,32.71
2022/5/24 0:00,32.77
2022/5/25 0:00,32.94
2022/5/26 0:00,33.05
2022/5/27 0:00,33.21
2022/5/31 0:00,33.17
2022/6/1 0:00,32.71
2022/6/2 0:00,33.33
2022/6/3 0:00,32.88
2022/6/6 0:00,33.07
2022/6/7 0:00,33.35
2022/6/8 0:00,32.88
2022/6/9 0:00,31.61
2022/6/10 0:00,30.88
2022/6/13 0:00,29.95
2022/6/14 0:00,29.49
2022/6/15 0:00,30.27
2022/6/16 0:00,29.63
2022/6/17 0:00,29.18
2022/6/21 0:00,29.95
2022/6/22 0:00,29.62
2022/6/23 0:00,29.44
2022/6/24 0:00,30.38
2022/6/27 0:00,30.34
2022/6/28 0:00,30.26
2022/6/29 0:00,30.19
2022/6/30 0:00,29.96
2022/7/1 0:00,29.89
2022/7/5 0:00,29.01
2022/7/6 0:00,29.14
2022/7/7 0:00,29.6
2022/7/8 0:00,29.49
2022/7/11 0:00,29.15
2022/7/12 0:00,29.17
2022/7/13 0:00,29.11
2022/7/14 0:00,28.51
2022/7/15 0:00,29.04
2022/7/18 0:00,29.25
2022/7/19 0:00,29.89
2022/7/20 0:00,29.59
2022/7/21 0:00,29.71
2022/7/22 0:00,29.64
2022/7/25 0:00,30.06
2022/7/26 0:00,29.88
2022/7/27 0:00,30.6
2022/7/28 0:00,30.5
2022/7/29 0:00,30.91
2022/8/1 0:00,30.9
2022/8/2 0:00,30.63
2022/8/3 0:00,30.81
2022/8/4 0:00,30.81
2022/8/5 0:00,30.64
2022/8/8 0:00,30.73
2022/8/9 0:00,30.77
2022/8/10 0:00,31.27
2022/8/11 0:00,31.1
2022/8/12 0:00,31.27
2022/8/15 0:00,31.01
2022/8/16 0:00,31.19
2022/8/17 0:00,30.99
2022/8/18 0:00,30.92
2022/8/19 0:00,30.55
2022/8/22 0:00,30.3
2022/8/23 0:00,30.34
2022/8/24 0:00,30.18
2022/8/25 0:00,30.44
2022/8/26 0:00,29.76
2022/8/29 0:00,29.73
2022/8/30 0:00,29.29
2022/8/31 0:00,28.91
2022/9/1 0:00,28.42
2022/9/2 0:00,28.41
2022/9/6 0:00,28.66
2022/9/7 0:00,28.63
2022/9/8 0:00,28.61
2022/9/9 0:00,29.32
2022/9/12 0:00,29.8
2022/9/13 0:00,28.87
2022/9/14 0:00,28.88
2022/9/15 0:00,28.57
2022/9/16 0:00,28.37
2022/9/19 0:00,28.49
2022/9/20 0:00,28.09
2022/9/21 0:00,27.81
2022/9/22 0:00,27.74
2022/9/23 0:00,26.25
2022/9/26 0:00,25.78
2022/9/27 0:00,25.64
2022/9/28 0:00,26.25
2022/9/29 0:00,26.18
2022/9/30 0:00,26.21
2022/10/3 0:00,26.87
2022/10/4 0:00,27.89
2022/10/5 0:00,27.47
2022/10/6 0:00,26.79
2022/10/7 0:00,26.64
2022/10/10 0:00,26.46
2022/10/11 0:00,25.95
2022/10/12 0:00,26
2022/10/13 0:00,26.86
2022/10/14 0:00,26.27
2022/10/17 0:00,26.99
2022/10/18 0:00,27.07
2022/10/19 0:00,26.78
2022/10/20 0:00,26.78
2022/10/21 0:00,27.19
2022/10/24 0:00,27.26
2022/10/25 0:00,27.66
2022/10/26 0:00,28.08
2022/10/27 0:00,28.04
2022/10/28 0:00,28.33
2022/10/31 0:00,28.04
2022/11/1 0:00,28.36
2022/11/2 0:00,27.86
2022/11/3 0:00,27.64
2022/11/4 0:00,28.81
2022/11/7 0:00,28.75
2022/11/8 0:00,28.96
2022/11/9 0:00,28.37
2022/11/10 0:00,29.79
2022/11/11 0:00,29.87
2022/11/14 0:00,29.71
2022/11/15 0:00,29.92
2022/11/16 0:00,30.07
2022/11/17 0:00,30.12
2022/11/18 0:00,30.27
2022/11/21 0:00,30.13
2022/11/22 0:00,30.59
2022/11/23 0:00,31.03
2022/11/25 0:00,31.14
2022/11/28 0:00,30.75
2022/11/29 0:00,30.98
2022/11/30 0:00,31.53
2022/12/1 0:00,31.82
2022/12/2 0:00,31.9
2022/12/5 0:00,31.65
2022/12/6 0:00,31.59
2022/12/7 0:00,31.51
2022/12/8 0:00,31.55
2022/12/9 0:00,31.51
2022/12/12 0:00,31.52
2022/12/13 0:00,31.44
2022/12/14 0:00,31.48
2022/12/15 0:00,30.91
2022/12/16 0:00,30.41
2022/12/19 0:00,30.39
2022/12/20 0:00,30.53
2022/12/21 0:00,30.9
2022/12/22 0:00,30.62
2022/12/23 0:00,30.81
2022/12/27 0:00,30.83
2022/12/28 0:00,30.55
2022/12/29 0:00,30.81
2022/12/30 0:00,30.66
2023/1/3 0:00,30.77
2023/1/4 0:00,31.12
2023/1/5 0:00,30.98
2023/1/6 0:00,31.69
2023/1/9 0:00,31.79
2023/1/10 0:00,31.86
2023/1/11 0:00,32
2023/1/12 0:00,32.37
2023/1/13 0:00,32.62
2023/1/17 0:00,32.68
2023/1/18 0:00,32.61
2023/1/19 0:00,32.69
2023/1/20 0:00,32.76
2023/1/23 0:00,32.76
2023/1/24 0:00,32.46
2023/1/25 0:00,32.62
2023/1/26 0:00,32.74
2023/1/27 0:00,32.58
2023/1/30 0:00,32.52
2023/1/31 0:00,32.57
2023/2/1 0:00,32.68
2023/2/2 0:00,32.37
2023/2/3 0:00,32.22
2023/2/6 0:00,31.93
2023/2/7 0:00,32.24
2023/2/8 0:00,32.26
2023/2/9 0:00,32.49
2023/2/10 0:00,32.37
2023/2/13 0:00,32.83
2023/2/14 0:00,33.05
2023/2/15 0:00,32.8
2023/2/16 0:00,32.65
2023/2/17 0:00,32.81
2023/2/21 0:00,32.79
2023/2/22 0:00,32.46
2023/2/23 0:00,32.54
2023/2/24 0:00,32.25
2023/2/27 0:00,32.63
2023/2/28 0:00,32.28
2023/3/1 0:00,32.48
2023/3/2 0:00,32.5
2023/3/3 0:00,32.72
2023/3/6 0:00,32.51
2023/3/7 0:00,31.87
2023/3/8 0:00,32.05
2023/3/9 0:00,31.79
2023/3/10 0:00,31.57
2023/3/13 0:00,31.37
2023/3/14 0:00,31.69
2023/3/15 0:00,30.5
2023/3/16 0:00,30.9
2023/3/17 0:00,30.43
2023/3/20 0:00,31.08
2023/3/21 0:00,31.53
2023/3/22 0:00,31.47
2023/3/23 0:00,31.25
2023/3/24 0:00,31.11
2023/3/27 0:00,31.52
2023/3/28 0:00,31.51
2023/3/29 0:00,31.88
2023/3/30 0:00,32.29
2023/3/31 0:00,32.26
2023/4/3 0:00,32.73
2023/4/4 0:00,32.69
2023/4/5 0:00,32.77
2023/4/6 0:00,33.06
2023/4/10 0:00,33.07
2023/4/11 0:00,33.15
2023/4/12 0:00,33.44
2023/4/13 0:00,33.78
2023/4/14 0:00,33.57
2023/4/17 0:00,33.51
2023/4/18 0:00,33.71
2023/4/19 0:00,33.67
2023/4/20 0:00,33.72
2023/4/21 0:00,33.79
2023/4/24 0:00,33.86
2023/4/25 0:00,33.42
2023/4/26 0:00,33.44
2023/4/27 0:00,33.74
2023/4/28 0:00,33.93
2023/5/1 0:00,33.82
2023/5/2 0:00,33.39
2023/5/3 0:00,33.43
2023/5/4 0:00,33.31
2023/5/5 0:00,33.88
2023/5/8 0:00,33.86
2023/5/9 0:00,33.64
2023/5/10 0:00,33.6
2023/5/11 0:00,33.3
2023/5/12 0:00,33.22
2023/5/15 0:00,33.54
2023/5/16 0:00,33.16
2023/5/17 0:00,33.31
2023/5/18 0:00,33.1
2023/5/19 0:00,33.32
2023/5/22 0:00,33.23
2023/5/23 0:00,32.99
2023/5/24 0:00,32.42
2023/5/25 0:00,32.17
2023/5/26 0:00,32.44
2023/5/30 0:00,32.14
2023/5/31 0:00,31.9
2023/6/1 0:00,32.31
2023/6/2 0:00,32.63
2023/6/5 0:00,32.43
2023/6/6 0:00,32.66
2023/6/7 0:00,32.04
2023/6/8 0:00,32.29
2023/6/9 0:00,32.16
2023/6/12 0:00,32.01
2023/6/13 0:00,32.33
2023/6/14 0:00,32.45
2023/6/15 0:00,32.95
2023/6/16 0:00,32.97
2023/6/20 0:00,32.54
2023/6/21 0:00,32.49
2023/6/22 0:00,32.3
2023/6/23 0:00,31.99
2023/6/26 0:00,32
2023/6/27 0:00,32.18
2023/6/28 0:00,31.97
2023/6/29 0:00,31.9
2023/6/30 0:00,32.35
2023/7/3 0:00,32.21
2023/7/5 0:00,31.85
2023/7/6 0:00,31.31
2023/7/7 0:00,31.44
2023/7/10 0:00,31.48
2023/7/11 0:00,31.76
2023/7/12 0:00,32.44
2023/7/13 0:00,32.94
2023/7/14 0:00,32.73
2023/7/17 0:00,32.68
2023/7/18 0:00,32.8
2023/7/19 0:00,33.1
2023/7/20 0:00,33.21
2023/7/21 0:00,33.28
2023/7/24 0:00,33.23
2023/7/25 0:00,33.44
2023/7/26 0:00,33.58
2023/7/27 0:00,33.04
2023/7/28 0:00,33.28
2023/7/31 0:00,33.3
2023/8/1 0:00,33.01
2023/8/2 0:00,32.38
2023/8/3 0:00,32.37
2023/8/4 0:00,32.35
2023/8/7 0:00,32.66
2023/8/8 0:00,32.52
2023/8/9 0:00,32.65
2023/8/10 0:00,32.65
2023/8/11 0:00,32.5
2023/8/14 0:00,32.38
2023/8/15 0:00,31.87
2023/8/16 0:00,31.68
2023/8/17 0:00,31.57
2023/8/18 0:00,31.47
2023/8/21 0:00,31.55
2023/8/22 0:00,31.42
2023/8/23 0:00,31.59
2023/8/24 0:00,31.31
2023/8/25 0:00,31.48
2023/8/28 0:00,31.82
2023/8/29 0:00,32.16
2023/8/30 0:00,32.28
2023/8/31 0:00,32
2023/9/1 0:00,32.06
2023/9/5 0:00,31.73
2023/9/6 0:00,31.58
2023/9/7 0:00,31.58
2023/9/8 0:00,31.75
2023/9/11 0:00,32
2023/9/12 0:00,32.01
2023/9/13 0:00,32.01
2023/9/14 0:00,32.57
2023/9/15 0:00,32.49
2023/9/18 0:00,32.33
2023/9/19 0:00,32.37
2023/9/20 0:00,32.41
2023/9/21 0:00,32.05
2023/9/22 0:00,32.01
2023/9/25 0:00,31.85
2023/9/26 0:00,31.55
2023/9/27 0:00,31.5
2023/9/28 0:00,31.73
2023/9/29 0:00,31.64
2023/10/2 0:00,31.04
2023/10/3 0:00,30.87
2023/10/4 0:00,30.86
2023/10/5 0:00,31.1
2023/10/6 0:00,31.48
2023/10/9 0:00,31.52
2023/10/10 0:00,32
2023/10/11 0:00,32.17
2023/10/12 0:00,31.86
2023/10/13 0:00,31.67
2023/10/16 0:00,32
2023/10/17 0:00,32.09
2023/10/18 0:00,31.51
2023/10/19 0:00,31.17
2023/10/20 0:00,30.81
2023/10/23 0:00,30.83
2023/10/24 0:00,30.84
2023/10/25 0:00,30.74
2023/10/26 0:00,30.53
2023/10/27 0:00,30.21
2023/10/30 0:00,30.59
2023/10/31 0:00,30.5
2023/11/1 0:00,30.64
2023/11/2 0:00,31.21
2023/11/3 0:00,31.33
2023/11/6 0:00,31.38
2023/11/7 0:00,31.14
2023/11/8 0:00,31.08
2023/11/9 0:00,31.12
2023/11/10 0:00,31.04
2023/11/13 0:00,31.27
2023/11/14 0:00,31.82
2023/11/15 0:00,31.8
2023/11/16 0:00,31.62
2023/11/17 0:00,32.1
2023/11/20 0:00,32.14
2023/11/21 0:00,32.2
2023/11/22 0:00,32.08
2023/11/24 0:00,32.49
2023/11/27 0:00,32.36
2023/11/28 0:00,32.44
2023/11/29 0:00,32.37
2023/11/30 0:00,32.39
2023/12/1 0:00,32.88
2023/12/4 0:00,32.61
2023/12/5 0:00,32.36
2023/12/6 0:00,32.32
2023/12/7 0:00,32.5
2023/12/8 0:00,32.58
2023/12/11 0:00,32.56
2023/12/12 0:00,32.6
2023/12/13 0:00,32.98
2023/12/14 0:00,33.52
2023/12/15 0:00,32.87
2023/12/18 0:00,33.08
2023/12/19 0:00,33.44
2023/12/20 0:00,32.45
2023/12/21 0:00,32.81
2023/12/22 0:00,32.92
2023/12/26 0:00,33.09
2023/12/27 0:00,33.22
2023/12/28 0:00,33.05
2023/12/29 0:00,33.05
2024/1/2 0:00,32.74
2024/1/3 0:00,32.74
2024/1/4 0:00,32.84
2024/1/5 0:00,32.82
2024/1/8 0:00,33.12
2024/1/9 0:00,32.8
2024/1/10 0:00,32.82
2024/1/11 0:00,32.65
2024/1/12 0:00,32.76
2024/1/16 0:00,32.05
2024/1/17 0:00,31.76
2024/1/18 0:00,31.95
2024/1/19 0:00,31.96
2024/1/22 0:00,32.01
2024/1/23 0:00,32
2024/1/24 0:00,32.1
2024/1/25 0:00,32.27
2024/1/26 0:00,32.64
2024/1/29 0:00,32.7
2024/1/30 0:00,32.77
2024/1/31 0:00,32.43
2024/2/1 0:00,32.78
2024/2/2 0:00,32.46
2024/2/5 0:00,32.18
2024/2/6 0:00,32.65
2024/2/7 0:00,32.45
2024/2/8 0:00,32.32
2024/2/9 0:00,32.25
2024/2/12 0:00,32.2
2024/2/13 0:00,31.68
2024/2/14 0:00,32.03
2024/2/15 0:00,32.37
2024/2/16 0:00,32.68
2024/2/20 0:00,32.86
2024/2/21 0:00,32.65
2024/2/22 0:00,32.89
2024/2/23 0:00,33.01
2024/2/26 0:00,32.91
2024/2/27 0:00,32.93
2024/2/28 0:00,32.58
2024/2/29 0:00,32.75
2024/3/1 0:00,32.92
2024/3/4 0:00,32.82
2024/3/5 0:00,32.81
2024/3/6 0:00,33.06
2024/3/7 0:00,33.41
2024/3/8 0:00,33.33
2024/3/11 0:00,33.39
2024/3/12 0:00,33.64
2024/3/13 0:00,33.76
2024/3/14 0:00,33.5
2024/3/15 0:00,33.42
2024/3/18 0:00,33.33
2024/3/19 0:00,33.38
2024/3/20 0:00,33.73
2024/3/21 0:00,33.88
2024/3/22 0:00,33.9
2024/3/25 0:00,33.88
2024/3/26 0:00,33.91
2024/3/27 0:00,34.09
2024/3/28 0:00,34.21
2024/4/1 0:00,34.1
2024/4/2 0:00,34.02
2024/4/3 0:00,34.18
2024/4/4 0:00,34.03
2024/4/5 0:00,34.16
2024/4/8 0:00,34.28
2024/4/9 0:00,34.34
2024/4/10 0:00,34.09
2024/4/11 0:00,34.09
2024/4/12 0:00,33.72
2024/4/15 0:00,33.62
2024/4/16 0:00,33.21
2024/4/17 0:00,33.41
2024/4/18 0:00,33.33
2024/4/19 0:00,33.49
2024/4/22 0:00,33.92
2024/4/23 0:00,34.27
2024/4/24 0:00,34.23
2024/4/25 0:00,34.56
2024/4/26 0:00,34.83
2024/4/29 0:00,34.98
2024/4/30 0:00,34.7
2024/5/1 0:00,34.59
2024/5/2 0:00,35.05
2024/5/3 0:00,35.34
2024/5/6 0:00,35.56
2024/5/7 0:00,35.67
2024/5/8 0:00,35.76
2024/5/9 0:00,36.06
2024/5/10 0:00,36.15
2024/5/13 0:00,36.17
2024/5/14 0:00,36.42
2024/5/15 0:00,36.69
2024/5/16 0:00,36.66
2024/5/17 0:00,36.74
2024/5/20 0:00,36.62
2024/5/21 0:00,36.75
2024/5/22 0:00,36.47
2024/5/23 0:00,36.1
2024/5/24 0:00,36.34
2024/5/28 0:00,36.11
2024/5/29 0:00,35.64
2024/5/30 0:00,35.94
2024/5/31 0:00,36.32
2024/6/3 0:00,36.22
2024/6/4 0:00,36.13
2024/6/5 0:00,36.23
2024/6/6 0:00,36.4
2024/6/7 0:00,35.93
2024/6/10 0:00,36.02
2024/6/11 0:00,34.88
2024/6/12 0:00,35.38
2024/6/13 0:00,35.09
2024/6/14 0:00,34.91
2024/6/17 0:00,34.98
2024/6/18 0:00,35.06
2024/6/20 0:00,35.35
2024/6/21 0:00,35.11
2024/6/24 0:00,35.46
2024/6/25 0:00,35.26
2024/6/26 0:00,35.04
2024/6/27 0:00,34.92
2024/6/28 0:00,34.88
2024/7/1 0:00,34.82
2024/7/2 0:00,34.87
2024/7/3 0:00,35.22
2024/7/5 0:00,35.47
2024/7/8 0:00,35.39
2024/7/9 0:00,35.16
2024/7/10 0:00,35.53
2024/7/11 0:00,35.78
2024/7/12 0:00,36.03
2024/7/15 0:00,35.72
2024/7/16 0:00,35.82
2024/7/17 0:00,35.95
2024/7/18 0:00,35.61
2024/7/19 0:00,35.51
2024/7/22 0:00,35.77
2024/7/23 0:00,35.48
2024/7/24 0:00,35.32
2024/7/25 0:00,35.51
2024/7/26 0:00,36.02
2024/7/29 0:00,35.89
2024/7/30 0:00,35.87
2024/7/31 0:00,36.26
2024/8/1 0:00,35.66
2024/8/2 0:00,35.47
2024/8/5 0:00,34.48
2024/8/6 0:00,34.59
2024/8/7 0:00,34.72
2024/8/8 0:00,35.19
2024/8/9 0:00,35.4
2024/8/12 0:00,35.51
2024/8/13 0:00,35.97
2024/8/14 0:00,36.11
2024/8/15 0:00,36.45
2024/8/16 0:00,36.49
2024/8/19 0:00,36.79
2024/8/20 0:00,36.48
2024/8/21 0:00,36.85
2024/8/22 0:00,36.78
2024/8/23 0:00,37.4
2024/8/26 0:00,37.38
2024/8/27 0:00,37.61
2024/8/28 0:00,37.38
2024/8/29 0:00,37.57
2024/8/30 0:00,37.53
2024/9/3 0:00,36.81
2024/9/4 0:00,36.88
2024/9/5 0:00,36.88
2024/9/6 0:00,36.49
2024/9/9 0:00,36.73
2024/9/10 0:00,36.51
2024/9/11 0:00,36.63
2024/9/12 0:00,36.79
2024/9/13 0:00,36.9
2024/9/16 0:00,37.3
2024/9/17 0:00,37.03
2024/9/18 0:00,36.99
2024/9/19 0:00,37.49
2024/9/20 0:00,37.04
2024/9/23 0:00,37.38
2024/9/24 0:00,37.53
2024/9/25 0:00,37.31
2024/9/26 0:00,37.66
2024/9/27 0:00,37.67
2024/9/30 0:00,37.41
2024/10/1 0:00,37.34
2024/10/2 0:00,37.24
2024/10/3 0:00,36.83
2024/10/4 0:00,36.97
2024/10/7 0:00,36.78
2024/10/8 0:00,36.44
2024/10/9 0:00,36.62
2024/10/10 0:00,36.58
2024/10/11 0:00,36.55
2024/10/14 0:00,36.81
2024/10/15 0:00,36.51
2024/10/16 0:00,36.81
2024/10/17 0:00,36.88
2024/10/18 0:00,37.01
2024/10/21 0:00,36.66
2024/10/22 0:00,36.56
2024/10/23 0:00,36.22
2024/10/24 0:00,36.39
2024/10/25 0:00,36.13
2024/10/28 0:00,36.49
2024/10/29 0:00,36.18
2024/10/30 0:00,35.87
2024/10/31 0:00,35.55
2024/11/1 0:00,35.75
2024/11/4 0:00,35.81
2024/11/5 0:00,36.03
2024/11/6 0:00,35.65
2024/11/7 0:00,35.94
2024/11/8 0:00,35.33
2024/11/11 0:00,35.29
2024/11/12 0:00,34.63
2024/11/13 0:00,34.6
2024/11/14 0:00,34.56
2024/11/15 0:00,34.49
2024/11/18 0:00,34.85
2024/11/19 0:00,34.75
2024/11/20 0:00,34.75
2024/11/21 0:00,34.95
2024/11/22 0:00,35.17
2024/11/25 0:00,35.34
2024/11/26 0:00,35.18
2024/11/27 0:00,35.57
2024/11/29 0:00,35.8
2024/12/2 0:00,35.74
2024/12/3 0:00,35.88
2024/12/4 0:00,35.88
2024/12/5 0:00,36.13
2024/12/6 0:00,35.9
2024/12/9 0:00,36.07
2024/12/10 0:00,35.75
2024/12/11 0:00,35.97
2024/12/12 0:00,35.59
2024/12/13 0:00,35.51
2024/12/16 0:00,35.43
2024/12/17 0:00,34.61
2024/12/18 0:00,33.84
2024/12/19 0:00,33.67
2024/12/20 0:00,33.69
2024/12/23 0:00,33.85
2024/12/24 0:00,34.07
2024/12/26 0:00,34.1
2024/12/27 0:00,33.96
2024/12/30 0:00,33.85
2024/12/31 0:00,33.9
2025/1/2 0:00,33.82
2025/1/3 0:00,33.97
2025/1/6 0:00,34.13
2025/1/7 0:00,34.16
2025/1/8 0:00,33.97
2025/1/10 0:00,33.49
2025/1/13 0:00,33.39
2025/1/14 0:00,33.37
2025/1/15 0:00,33.9
2025/1/16 0:00,34.28
2025/1/17 0:00,34.38
2025/1/21 0:00,35.18
2025/1/22 0:00,34.9
2025/1/23 0:00,35.16
2025/1/24 0:00,35.17
2025/1/27 0:00,35.41
2025/1/28 0:00,35.33
2025/1/29 0:00,35.27
2025/1/30 0:00,35.79
2025/1/31 0:00,35.61
2025/2/3 0:00,35.28
2025/2/4 0:00,35.54
2025/2/5 0:00,36.04
2025/2/6 0:00,36.06
2025/2/7 0:00,35.89
2025/2/10 0:00,36.17
2025/2/11 0:00,36.46
2025/2/12 0:00,36.57
2025/2/13 0:00,36.65
2025/2/14 0:00,36.55
2025/2/18 0:00,36.85
2025/2/19 0:00,36.64
2025/2/20 0:00,36.55
2025/2/21 0:00,36.36
2025/2/24 0:00,36.39
2025/2/25 0:00,36.72
2025/2/26 0:00,36.75
2025/2/27 0:00,36.7
2025/2/28 0:00,37.04
2025/3/3 0:00,37.42
2025/3/4 0:00,37.55
2025/3/5 0:00,37.92
2025/3/6 0:00,37.25
2025/3/7 0:00,37.83
2025/3/10 0:00,37.05
2025/3/11 0:00,36.96
2025/3/12 0:00,37.12
2025/3/13 0:00,37.13
2025/3/14 0:00,37.71
2025/3/17 0:00,37.97
2025/3/18 0:00,37.95
2025/3/19 0:00,37.99
2025/3/20 0:00,37.88
2025/3/21 0:00,37.53
2025/3/24 0:00,37.53
2025/3/25 0:00,37.64
2025/3/26 0:00,37.51
2025/3/27 0:00,37.66
2025/3/28 0:00,37.59
2025/3/31 0:00,37.47
2025/4/1 0:00,37.44
2025/4/2 0:00,37.61
2025/4/3 0:00,37.28
2025/4/4 0:00,34.62
2025/4/7 0:00,33.29
2025/4/8 0:00,33.19
2025/4/9 0:00,35.11
2025/4/10 0:00,34.67
2025/4/11 0:00,35.57
2025/4/14 0:00,36.15
2025/4/15 0:00,36.65
2025/4/16 0:00,36.55
2025/4/17 0:00,36.97
2025/4/21 0:00,36.82
2025/4/22 0:00,37.58
2025/4/23 0:00,37.55
2025/4/24 0:00,37.89
2025/4/25 0:00,37.94
2025/4/28 0:00,38.19
2025/4/29 0:00,38.35
2025/4/30 0:00,38.1
2025/5/1 0:00,37.88
2025/5/2 0:00,38.6
2025/5/5 0:00,38.64
2025/5/6 0:00,38.57
2025/5/7 0:00,38.43
2025/5/8 0:00,38.11
2025/5/9 0:00,38.29
2025/5/12 0:00,38.24
2025/5/13 0:00,38.42
2025/5/14 0:00,38.25
2025/5/15 0:00,38.8
2025/5/16 0:00,38.9
2025/5/19 0:00,39.33
2025/5/20 0:00,39.61
2025/5/21 0:00,39.43
2025/5/22 0:00,39.53
2025/5/23 0:00,39.88
2025/5/27 0:00,40.07
2025/5/28 0:00,39.67
2025/5/29 0:00,39.79
2025/5/30 0:00,39.92
2025/6/2 0:00,40.29
2025/6/3 0:00,40.06
2025/6/4 0:00,40.19
2025/6/5 0:00,40.22
2025/6/6 0:00,40.35
2025/6/9 0:00,40.34
2025/6/10 0:00,40.31
2025/6/11 0:00,40.41
2025/6/12 0:00,40.78
2025/6/13 0:00,40.42
2025/6/16 0:00,39.62
2025/6/17 0:00,39.2
2025/6/18 0:00,39.22
2025/6/20 0:00,38.9
2025/6/23 0:00,39.17
2025/6/24 0:00,39.41
2025/6/25 0:00,39.28
2025/6/26 0:00,39.69
2025/6/27 0:00,39.72
2025/6/30 0:00,39.72
2025/7/1 0:00,39.85
2025/7/2 0:00,39.61
2025/7/3 0:00,39.82
2025/7/7 0:00,39.42
2025/7/8 0:00,39.79
2025/7/9 0:00,40.01
2025/7/10 0:00,40.27
2025/7/11 0:00,39.92
2025/7/14 0:00,40.03
2025/7/15 0:00,39.59
2025/7/16 0:00,39.85
2025/7/17 0:00,39.83
2025/7/18 0:00,39.8
2025/7/21 0:00,40.01
2025/7/22 0:00,40.43
2025/7/23 0:00,40.9
2025/7/24 0:00,40.77
2025/7/25 0:00,40.64
2025/7/28 0:00,40.12
2025/7/29 0:00,40.39
2025/7/30 0:00,40.04
2025/7/31 0:00,39.81
2025/8/1 0:00,39.94
